Recency_bins,Frequency_bins,Category,Product_Count
"(-0.001, 1.0]","(-0.001, 1.0]",ACCESORIOS COSMETICOS,0
"(-0.001, 1.0]","(-0.001, 1.0]",BIJOUTERIE,0
"(-0.001, 1.0]","(-0.001, 1.0]",COMPLEMENTOS,0
"(-0.001, 1.0]","(-0.001, 1.0]",CUIDADO PERSONAL,0
"(-0.001, 1.0]","(-0.001, 1.0]",FRAGANCIAS,0
"(-0.001, 1.0]","(-0.001, 1.0]",HOGAR,0
"(-0.001, 1.0]","(-0.001, 1.0]",LENTES,0
"(-0.001, 1.0]","(-0.001, 1.0]",MAQUILLAJE,0
"(-0.001, 1.0]","(-0.001, 1.0]",MUESTRAS COSMETICOS,0
"(-0.001, 1.0]","(-0.001, 1.0]",PROMOCION USUARIOS,0
"(-0.001, 1.0]","(-0.001, 1.0]",RELOJES,0
"(-0.001, 1.0]","(-0.001, 1.0]",TRATAMIENTO CORPORAL,0
"(-0.001, 1.0]","(-0.001, 1.0]",TRATAMIENTO FACIAL,0
"(-0.001, 1.0]","(-0.001, 1.0]",VARIOS,0
"(-0.001, 1.0]","(1.0, 2.0]",ACCESORIOS COSMETICOS,0
"(-0.001, 1.0]","(1.0, 2.0]",BIJOUTERIE,0
"(-0.001, 1.0]","(1.0, 2.0]",COMPLEMENTOS,0
"(-0.001, 1.0]","(1.0, 2.0]",CUIDADO PERSONAL,0
"(-0.001, 1.0]","(1.0, 2.0]",FRAGANCIAS,0
"(-0.001, 1.0]","(1.0, 2.0]",HOGAR,0
"(-0.001, 1.0]","(1.0, 2.0]",LENTES,0
"(-0.001, 1.0]","(1.0, 2.0]",MAQUILLAJE,0
"(-0.001, 1.0]","(1.0, 2.0]",MUESTRAS COSMETICOS,0
"(-0.001, 1.0]","(1.0, 2.0]",PROMOCION USUARIOS,0
"(-0.001, 1.0]","(1.0, 2.0]",RELOJES,0
"(-0.001, 1.0]","(1.0, 2.0]",TRATAMIENTO CORPORAL,0
"(-0.001, 1.0]","(1.0, 2.0]",TRATAMIENTO FACIAL,1
"(-0.001, 1.0]","(1.0, 2.0]",VARIOS,0
"(-0.001, 1.0]","(2.0, 3.0]",ACCESORIOS COSMETICOS,0
"(-0.001, 1.0]","(2.0, 3.0]",BIJOUTERIE,0
"(-0.001, 1.0]","(2.0, 3.0]",COMPLEMENTOS,0
"(-0.001, 1.0]","(2.0, 3.0]",CUIDADO PERSONAL,0
"(-0.001, 1.0]","(2.0, 3.0]",FRAGANCIAS,0
"(-0.001, 1.0]","(2.0, 3.0]",HOGAR,0
"(-0.001, 1.0]","(2.0, 3.0]",LENTES,0
"(-0.001, 1.0]","(2.0, 3.0]",MAQUILLAJE,0
"(-0.001, 1.0]","(2.0, 3.0]",MUESTRAS COSMETICOS,0
"(-0.001, 1.0]","(2.0, 3.0]",PROMOCION USUARIOS,0
"(-0.001, 1.0]","(2.0, 3.0]",RELOJES,0
"(-0.001, 1.0]","(2.0, 3.0]",TRATAMIENTO CORPORAL,0
"(-0.001, 1.0]","(2.0, 3.0]",TRATAMIENTO FACIAL,0
"(-0.001, 1.0]","(2.0, 3.0]",VARIOS,0
"(-0.001, 1.0]","(3.0, 4.0]",ACCESORIOS COSMETICOS,0
"(-0.001, 1.0]","(3.0, 4.0]",BIJOUTERIE,0
"(-0.001, 1.0]","(3.0, 4.0]",COMPLEMENTOS,0
"(-0.001, 1.0]","(3.0, 4.0]",CUIDADO PERSONAL,0
"(-0.001, 1.0]","(3.0, 4.0]",FRAGANCIAS,0
"(-0.001, 1.0]","(3.0, 4.0]",HOGAR,0
"(-0.001, 1.0]","(3.0, 4.0]",LENTES,0
"(-0.001, 1.0]","(3.0, 4.0]",MAQUILLAJE,0
"(-0.001, 1.0]","(3.0, 4.0]",MUESTRAS COSMETICOS,0
"(-0.001, 1.0]","(3.0, 4.0]",PROMOCION USUARIOS,0
"(-0.001, 1.0]","(3.0, 4.0]",RELOJES,0
"(-0.001, 1.0]","(3.0, 4.0]",TRATAMIENTO CORPORAL,0
"(-0.001, 1.0]","(3.0, 4.0]",TRATAMIENTO FACIAL,0
"(-0.001, 1.0]","(3.0, 4.0]",VARIOS,0
"(-0.001, 1.0]","(4.0, 5.0]",ACCESORIOS COSMETICOS,0
"(-0.001, 1.0]","(4.0, 5.0]",BIJOUTERIE,0
"(-0.001, 1.0]","(4.0, 5.0]",COMPLEMENTOS,0
"(-0.001, 1.0]","(4.0, 5.0]",CUIDADO PERSONAL,0
"(-0.001, 1.0]","(4.0, 5.0]",FRAGANCIAS,0
"(-0.001, 1.0]","(4.0, 5.0]",HOGAR,0
"(-0.001, 1.0]","(4.0, 5.0]",LENTES,0
"(-0.001, 1.0]","(4.0, 5.0]",MAQUILLAJE,0
"(-0.001, 1.0]","(4.0, 5.0]",MUESTRAS COSMETICOS,0
"(-0.001, 1.0]","(4.0, 5.0]",PROMOCION USUARIOS,0
"(-0.001, 1.0]","(4.0, 5.0]",RELOJES,0
"(-0.001, 1.0]","(4.0, 5.0]",TRATAMIENTO CORPORAL,0
"(-0.001, 1.0]","(4.0, 5.0]",TRATAMIENTO FACIAL,0
"(-0.001, 1.0]","(4.0, 5.0]",VARIOS,0
"(-0.001, 1.0]","(5.0, 6.0]",ACCESORIOS COSMETICOS,0
"(-0.001, 1.0]","(5.0, 6.0]",BIJOUTERIE,0
"(-0.001, 1.0]","(5.0, 6.0]",COMPLEMENTOS,0
"(-0.001, 1.0]","(5.0, 6.0]",CUIDADO PERSONAL,0
"(-0.001, 1.0]","(5.0, 6.0]",FRAGANCIAS,0
"(-0.001, 1.0]","(5.0, 6.0]",HOGAR,0
"(-0.001, 1.0]","(5.0, 6.0]",LENTES,0
"(-0.001, 1.0]","(5.0, 6.0]",MAQUILLAJE,0
"(-0.001, 1.0]","(5.0, 6.0]",MUESTRAS COSMETICOS,0
"(-0.001, 1.0]","(5.0, 6.0]",PROMOCION USUARIOS,0
"(-0.001, 1.0]","(5.0, 6.0]",RELOJES,0
"(-0.001, 1.0]","(5.0, 6.0]",TRATAMIENTO CORPORAL,0
"(-0.001, 1.0]","(5.0, 6.0]",TRATAMIENTO FACIAL,0
"(-0.001, 1.0]","(5.0, 6.0]",VARIOS,0
"(-0.001, 1.0]","(6.0, 7.0]",ACCESORIOS COSMETICOS,0
"(-0.001, 1.0]","(6.0, 7.0]",BIJOUTERIE,0
"(-0.001, 1.0]","(6.0, 7.0]",COMPLEMENTOS,0
"(-0.001, 1.0]","(6.0, 7.0]",CUIDADO PERSONAL,0
"(-0.001, 1.0]","(6.0, 7.0]",FRAGANCIAS,0
"(-0.001, 1.0]","(6.0, 7.0]",HOGAR,0
"(-0.001, 1.0]","(6.0, 7.0]",LENTES,0
"(-0.001, 1.0]","(6.0, 7.0]",MAQUILLAJE,0
"(-0.001, 1.0]","(6.0, 7.0]",MUESTRAS COSMETICOS,0
"(-0.001, 1.0]","(6.0, 7.0]",PROMOCION USUARIOS,0
"(-0.001, 1.0]","(6.0, 7.0]",RELOJES,0
"(-0.001, 1.0]","(6.0, 7.0]",TRATAMIENTO CORPORAL,0
"(-0.001, 1.0]","(6.0, 7.0]",TRATAMIENTO FACIAL,0
"(-0.001, 1.0]","(6.0, 7.0]",VARIOS,0
"(-0.001, 1.0]","(7.0, 8.0]",ACCESORIOS COSMETICOS,0
"(-0.001, 1.0]","(7.0, 8.0]",BIJOUTERIE,0
"(-0.001, 1.0]","(7.0, 8.0]",COMPLEMENTOS,0
"(-0.001, 1.0]","(7.0, 8.0]",CUIDADO PERSONAL,0
"(-0.001, 1.0]","(7.0, 8.0]",FRAGANCIAS,0
"(-0.001, 1.0]","(7.0, 8.0]",HOGAR,0
"(-0.001, 1.0]","(7.0, 8.0]",LENTES,0
"(-0.001, 1.0]","(7.0, 8.0]",MAQUILLAJE,0
"(-0.001, 1.0]","(7.0, 8.0]",MUESTRAS COSMETICOS,0
"(-0.001, 1.0]","(7.0, 8.0]",PROMOCION USUARIOS,0
"(-0.001, 1.0]","(7.0, 8.0]",RELOJES,0
"(-0.001, 1.0]","(7.0, 8.0]",TRATAMIENTO CORPORAL,0
"(-0.001, 1.0]","(7.0, 8.0]",TRATAMIENTO FACIAL,0
"(-0.001, 1.0]","(7.0, 8.0]",VARIOS,0
"(-0.001, 1.0]","(8.0, 9.0]",ACCESORIOS COSMETICOS,0
"(-0.001, 1.0]","(8.0, 9.0]",BIJOUTERIE,0
"(-0.001, 1.0]","(8.0, 9.0]",COMPLEMENTOS,0
"(-0.001, 1.0]","(8.0, 9.0]",CUIDADO PERSONAL,0
"(-0.001, 1.0]","(8.0, 9.0]",FRAGANCIAS,0
"(-0.001, 1.0]","(8.0, 9.0]",HOGAR,0
"(-0.001, 1.0]","(8.0, 9.0]",LENTES,0
"(-0.001, 1.0]","(8.0, 9.0]",MAQUILLAJE,0
"(-0.001, 1.0]","(8.0, 9.0]",MUESTRAS COSMETICOS,0
"(-0.001, 1.0]","(8.0, 9.0]",PROMOCION USUARIOS,0
"(-0.001, 1.0]","(8.0, 9.0]",RELOJES,0
"(-0.001, 1.0]","(8.0, 9.0]",TRATAMIENTO CORPORAL,0
"(-0.001, 1.0]","(8.0, 9.0]",TRATAMIENTO FACIAL,0
"(-0.001, 1.0]","(8.0, 9.0]",VARIOS,0
"(-0.001, 1.0]","(9.0, 10.0]",ACCESORIOS COSMETICOS,0
"(-0.001, 1.0]","(9.0, 10.0]",BIJOUTERIE,0
"(-0.001, 1.0]","(9.0, 10.0]",COMPLEMENTOS,0
"(-0.001, 1.0]","(9.0, 10.0]",CUIDADO PERSONAL,0
"(-0.001, 1.0]","(9.0, 10.0]",FRAGANCIAS,0
"(-0.001, 1.0]","(9.0, 10.0]",HOGAR,0
"(-0.001, 1.0]","(9.0, 10.0]",LENTES,0
"(-0.001, 1.0]","(9.0, 10.0]",MAQUILLAJE,0
"(-0.001, 1.0]","(9.0, 10.0]",MUESTRAS COSMETICOS,0
"(-0.001, 1.0]","(9.0, 10.0]",PROMOCION USUARIOS,0
"(-0.001, 1.0]","(9.0, 10.0]",RELOJES,0
"(-0.001, 1.0]","(9.0, 10.0]",TRATAMIENTO CORPORAL,0
"(-0.001, 1.0]","(9.0, 10.0]",TRATAMIENTO FACIAL,0
"(-0.001, 1.0]","(9.0, 10.0]",VARIOS,0
"(1.0, 2.0]","(-0.001, 1.0]",ACCESORIOS COSMETICOS,0
"(1.0, 2.0]","(-0.001, 1.0]",BIJOUTERIE,0
"(1.0, 2.0]","(-0.001, 1.0]",COMPLEMENTOS,0
"(1.0, 2.0]","(-0.001, 1.0]",CUIDADO PERSONAL,0
"(1.0, 2.0]","(-0.001, 1.0]",FRAGANCIAS,0
"(1.0, 2.0]","(-0.001, 1.0]",HOGAR,0
"(1.0, 2.0]","(-0.001, 1.0]",LENTES,0
"(1.0, 2.0]","(-0.001, 1.0]",MAQUILLAJE,0
"(1.0, 2.0]","(-0.001, 1.0]",MUESTRAS COSMETICOS,0
"(1.0, 2.0]","(-0.001, 1.0]",PROMOCION USUARIOS,0
"(1.0, 2.0]","(-0.001, 1.0]",RELOJES,0
"(1.0, 2.0]","(-0.001, 1.0]",TRATAMIENTO CORPORAL,0
"(1.0, 2.0]","(-0.001, 1.0]",TRATAMIENTO FACIAL,0
"(1.0, 2.0]","(-0.001, 1.0]",VARIOS,0
"(1.0, 2.0]","(1.0, 2.0]",ACCESORIOS COSMETICOS,0
"(1.0, 2.0]","(1.0, 2.0]",BIJOUTERIE,18
"(1.0, 2.0]","(1.0, 2.0]",COMPLEMENTOS,8
"(1.0, 2.0]","(1.0, 2.0]",CUIDADO PERSONAL,31
"(1.0, 2.0]","(1.0, 2.0]",FRAGANCIAS,76
"(1.0, 2.0]","(1.0, 2.0]",HOGAR,0
"(1.0, 2.0]","(1.0, 2.0]",LENTES,0
"(1.0, 2.0]","(1.0, 2.0]",MAQUILLAJE,43
"(1.0, 2.0]","(1.0, 2.0]",MUESTRAS COSMETICOS,0
"(1.0, 2.0]","(1.0, 2.0]",PROMOCION USUARIOS,3
"(1.0, 2.0]","(1.0, 2.0]",RELOJES,3
"(1.0, 2.0]","(1.0, 2.0]",TRATAMIENTO CORPORAL,13
"(1.0, 2.0]","(1.0, 2.0]",TRATAMIENTO FACIAL,19
"(1.0, 2.0]","(1.0, 2.0]",VARIOS,21
"(1.0, 2.0]","(2.0, 3.0]",ACCESORIOS COSMETICOS,0
"(1.0, 2.0]","(2.0, 3.0]",BIJOUTERIE,7
"(1.0, 2.0]","(2.0, 3.0]",COMPLEMENTOS,21
"(1.0, 2.0]","(2.0, 3.0]",CUIDADO PERSONAL,32
"(1.0, 2.0]","(2.0, 3.0]",FRAGANCIAS,21
"(1.0, 2.0]","(2.0, 3.0]",HOGAR,0
"(1.0, 2.0]","(2.0, 3.0]",LENTES,0
"(1.0, 2.0]","(2.0, 3.0]",MAQUILLAJE,35
"(1.0, 2.0]","(2.0, 3.0]",MUESTRAS COSMETICOS,1
"(1.0, 2.0]","(2.0, 3.0]",PROMOCION USUARIOS,6
"(1.0, 2.0]","(2.0, 3.0]",RELOJES,3
"(1.0, 2.0]","(2.0, 3.0]",TRATAMIENTO CORPORAL,1
"(1.0, 2.0]","(2.0, 3.0]",TRATAMIENTO FACIAL,13
"(1.0, 2.0]","(2.0, 3.0]",VARIOS,4
"(1.0, 2.0]","(3.0, 4.0]",ACCESORIOS COSMETICOS,0
"(1.0, 2.0]","(3.0, 4.0]",BIJOUTERIE,3
"(1.0, 2.0]","(3.0, 4.0]",COMPLEMENTOS,6
"(1.0, 2.0]","(3.0, 4.0]",CUIDADO PERSONAL,20
"(1.0, 2.0]","(3.0, 4.0]",FRAGANCIAS,12
"(1.0, 2.0]","(3.0, 4.0]",HOGAR,0
"(1.0, 2.0]","(3.0, 4.0]",LENTES,0
"(1.0, 2.0]","(3.0, 4.0]",MAQUILLAJE,11
"(1.0, 2.0]","(3.0, 4.0]",MUESTRAS COSMETICOS,1
"(1.0, 2.0]","(3.0, 4.0]",PROMOCION USUARIOS,2
"(1.0, 2.0]","(3.0, 4.0]",RELOJES,0
"(1.0, 2.0]","(3.0, 4.0]",TRATAMIENTO CORPORAL,4
"(1.0, 2.0]","(3.0, 4.0]",TRATAMIENTO FACIAL,0
"(1.0, 2.0]","(3.0, 4.0]",VARIOS,2
"(1.0, 2.0]","(4.0, 5.0]",ACCESORIOS COSMETICOS,0
"(1.0, 2.0]","(4.0, 5.0]",BIJOUTERIE,1
"(1.0, 2.0]","(4.0, 5.0]",COMPLEMENTOS,0
"(1.0, 2.0]","(4.0, 5.0]",CUIDADO PERSONAL,11
"(1.0, 2.0]","(4.0, 5.0]",FRAGANCIAS,6
"(1.0, 2.0]","(4.0, 5.0]",HOGAR,0
"(1.0, 2.0]","(4.0, 5.0]",LENTES,0
"(1.0, 2.0]","(4.0, 5.0]",MAQUILLAJE,9
"(1.0, 2.0]","(4.0, 5.0]",MUESTRAS COSMETICOS,1
"(1.0, 2.0]","(4.0, 5.0]",PROMOCION USUARIOS,0
"(1.0, 2.0]","(4.0, 5.0]",RELOJES,1
"(1.0, 2.0]","(4.0, 5.0]",TRATAMIENTO CORPORAL,0
"(1.0, 2.0]","(4.0, 5.0]",TRATAMIENTO FACIAL,0
"(1.0, 2.0]","(4.0, 5.0]",VARIOS,0
"(1.0, 2.0]","(5.0, 6.0]",ACCESORIOS COSMETICOS,0
"(1.0, 2.0]","(5.0, 6.0]",BIJOUTERIE,0
"(1.0, 2.0]","(5.0, 6.0]",COMPLEMENTOS,3
"(1.0, 2.0]","(5.0, 6.0]",CUIDADO PERSONAL,2
"(1.0, 2.0]","(5.0, 6.0]",FRAGANCIAS,15
"(1.0, 2.0]","(5.0, 6.0]",HOGAR,0
"(1.0, 2.0]","(5.0, 6.0]",LENTES,0
"(1.0, 2.0]","(5.0, 6.0]",MAQUILLAJE,1
"(1.0, 2.0]","(5.0, 6.0]",MUESTRAS COSMETICOS,3
"(1.0, 2.0]","(5.0, 6.0]",PROMOCION USUARIOS,0
"(1.0, 2.0]","(5.0, 6.0]",RELOJES,0
"(1.0, 2.0]","(5.0, 6.0]",TRATAMIENTO CORPORAL,0
"(1.0, 2.0]","(5.0, 6.0]",TRATAMIENTO FACIAL,0
"(1.0, 2.0]","(5.0, 6.0]",VARIOS,0
"(1.0, 2.0]","(6.0, 7.0]",ACCESORIOS COSMETICOS,0
"(1.0, 2.0]","(6.0, 7.0]",BIJOUTERIE,0
"(1.0, 2.0]","(6.0, 7.0]",COMPLEMENTOS,1
"(1.0, 2.0]","(6.0, 7.0]",CUIDADO PERSONAL,3
"(1.0, 2.0]","(6.0, 7.0]",FRAGANCIAS,2
"(1.0, 2.0]","(6.0, 7.0]",HOGAR,0
"(1.0, 2.0]","(6.0, 7.0]",LENTES,0
"(1.0, 2.0]","(6.0, 7.0]",MAQUILLAJE,4
"(1.0, 2.0]","(6.0, 7.0]",MUESTRAS COSMETICOS,0
"(1.0, 2.0]","(6.0, 7.0]",PROMOCION USUARIOS,2
"(1.0, 2.0]","(6.0, 7.0]",RELOJES,0
"(1.0, 2.0]","(6.0, 7.0]",TRATAMIENTO CORPORAL,0
"(1.0, 2.0]","(6.0, 7.0]",TRATAMIENTO FACIAL,0
"(1.0, 2.0]","(6.0, 7.0]",VARIOS,0
"(1.0, 2.0]","(7.0, 8.0]",ACCESORIOS COSMETICOS,0
"(1.0, 2.0]","(7.0, 8.0]",BIJOUTERIE,0
"(1.0, 2.0]","(7.0, 8.0]",COMPLEMENTOS,0
"(1.0, 2.0]","(7.0, 8.0]",CUIDADO PERSONAL,0
"(1.0, 2.0]","(7.0, 8.0]",FRAGANCIAS,0
"(1.0, 2.0]","(7.0, 8.0]",HOGAR,0
"(1.0, 2.0]","(7.0, 8.0]",LENTES,0
"(1.0, 2.0]","(7.0, 8.0]",MAQUILLAJE,0
"(1.0, 2.0]","(7.0, 8.0]",MUESTRAS COSMETICOS,1
"(1.0, 2.0]","(7.0, 8.0]",PROMOCION USUARIOS,0
"(1.0, 2.0]","(7.0, 8.0]",RELOJES,0
"(1.0, 2.0]","(7.0, 8.0]",TRATAMIENTO CORPORAL,0
"(1.0, 2.0]","(7.0, 8.0]",TRATAMIENTO FACIAL,0
"(1.0, 2.0]","(7.0, 8.0]",VARIOS,0
"(1.0, 2.0]","(8.0, 9.0]",ACCESORIOS COSMETICOS,0
"(1.0, 2.0]","(8.0, 9.0]",BIJOUTERIE,0
"(1.0, 2.0]","(8.0, 9.0]",COMPLEMENTOS,0
"(1.0, 2.0]","(8.0, 9.0]",CUIDADO PERSONAL,0
"(1.0, 2.0]","(8.0, 9.0]",FRAGANCIAS,1
"(1.0, 2.0]","(8.0, 9.0]",HOGAR,0
"(1.0, 2.0]","(8.0, 9.0]",LENTES,0
"(1.0, 2.0]","(8.0, 9.0]",MAQUILLAJE,0
"(1.0, 2.0]","(8.0, 9.0]",MUESTRAS COSMETICOS,0
"(1.0, 2.0]","(8.0, 9.0]",PROMOCION USUARIOS,0
"(1.0, 2.0]","(8.0, 9.0]",RELOJES,0
"(1.0, 2.0]","(8.0, 9.0]",TRATAMIENTO CORPORAL,0
"(1.0, 2.0]","(8.0, 9.0]",TRATAMIENTO FACIAL,0
"(1.0, 2.0]","(8.0, 9.0]",VARIOS,0
"(1.0, 2.0]","(9.0, 10.0]",ACCESORIOS COSMETICOS,0
"(1.0, 2.0]","(9.0, 10.0]",BIJOUTERIE,0
"(1.0, 2.0]","(9.0, 10.0]",COMPLEMENTOS,0
"(1.0, 2.0]","(9.0, 10.0]",CUIDADO PERSONAL,0
"(1.0, 2.0]","(9.0, 10.0]",FRAGANCIAS,0
"(1.0, 2.0]","(9.0, 10.0]",HOGAR,0
"(1.0, 2.0]","(9.0, 10.0]",LENTES,0
"(1.0, 2.0]","(9.0, 10.0]",MAQUILLAJE,0
"(1.0, 2.0]","(9.0, 10.0]",MUESTRAS COSMETICOS,0
"(1.0, 2.0]","(9.0, 10.0]",PROMOCION USUARIOS,0
"(1.0, 2.0]","(9.0, 10.0]",RELOJES,0
"(1.0, 2.0]","(9.0, 10.0]",TRATAMIENTO CORPORAL,0
"(1.0, 2.0]","(9.0, 10.0]",TRATAMIENTO FACIAL,0
"(1.0, 2.0]","(9.0, 10.0]",VARIOS,0
"(2.0, 3.0]","(-0.001, 1.0]",ACCESORIOS COSMETICOS,0
"(2.0, 3.0]","(-0.001, 1.0]",BIJOUTERIE,0
"(2.0, 3.0]","(-0.001, 1.0]",COMPLEMENTOS,0
"(2.0, 3.0]","(-0.001, 1.0]",CUIDADO PERSONAL,0
"(2.0, 3.0]","(-0.001, 1.0]",FRAGANCIAS,1
"(2.0, 3.0]","(-0.001, 1.0]",HOGAR,0
"(2.0, 3.0]","(-0.001, 1.0]",LENTES,0
"(2.0, 3.0]","(-0.001, 1.0]",MAQUILLAJE,0
"(2.0, 3.0]","(-0.001, 1.0]",MUESTRAS COSMETICOS,0
"(2.0, 3.0]","(-0.001, 1.0]",PROMOCION USUARIOS,1
"(2.0, 3.0]","(-0.001, 1.0]",RELOJES,0
"(2.0, 3.0]","(-0.001, 1.0]",TRATAMIENTO CORPORAL,0
"(2.0, 3.0]","(-0.001, 1.0]",TRATAMIENTO FACIAL,0
"(2.0, 3.0]","(-0.001, 1.0]",VARIOS,0
"(2.0, 3.0]","(1.0, 2.0]",ACCESORIOS COSMETICOS,0
"(2.0, 3.0]","(1.0, 2.0]",BIJOUTERIE,21
"(2.0, 3.0]","(1.0, 2.0]",COMPLEMENTOS,27
"(2.0, 3.0]","(1.0, 2.0]",CUIDADO PERSONAL,72
"(2.0, 3.0]","(1.0, 2.0]",FRAGANCIAS,121
"(2.0, 3.0]","(1.0, 2.0]",HOGAR,3
"(2.0, 3.0]","(1.0, 2.0]",LENTES,2
"(2.0, 3.0]","(1.0, 2.0]",MAQUILLAJE,116
"(2.0, 3.0]","(1.0, 2.0]",MUESTRAS COSMETICOS,3
"(2.0, 3.0]","(1.0, 2.0]",PROMOCION USUARIOS,2
"(2.0, 3.0]","(1.0, 2.0]",RELOJES,4
"(2.0, 3.0]","(1.0, 2.0]",TRATAMIENTO CORPORAL,16
"(2.0, 3.0]","(1.0, 2.0]",TRATAMIENTO FACIAL,39
"(2.0, 3.0]","(1.0, 2.0]",VARIOS,39
"(2.0, 3.0]","(2.0, 3.0]",ACCESORIOS COSMETICOS,1
"(2.0, 3.0]","(2.0, 3.0]",BIJOUTERIE,26
"(2.0, 3.0]","(2.0, 3.0]",COMPLEMENTOS,23
"(2.0, 3.0]","(2.0, 3.0]",CUIDADO PERSONAL,80
"(2.0, 3.0]","(2.0, 3.0]",FRAGANCIAS,58
"(2.0, 3.0]","(2.0, 3.0]",HOGAR,0
"(2.0, 3.0]","(2.0, 3.0]",LENTES,0
"(2.0, 3.0]","(2.0, 3.0]",MAQUILLAJE,98
"(2.0, 3.0]","(2.0, 3.0]",MUESTRAS COSMETICOS,0
"(2.0, 3.0]","(2.0, 3.0]",PROMOCION USUARIOS,9
"(2.0, 3.0]","(2.0, 3.0]",RELOJES,8
"(2.0, 3.0]","(2.0, 3.0]",TRATAMIENTO CORPORAL,6
"(2.0, 3.0]","(2.0, 3.0]",TRATAMIENTO FACIAL,38
"(2.0, 3.0]","(2.0, 3.0]",VARIOS,11
"(2.0, 3.0]","(3.0, 4.0]",ACCESORIOS COSMETICOS,0
"(2.0, 3.0]","(3.0, 4.0]",BIJOUTERIE,14
"(2.0, 3.0]","(3.0, 4.0]",COMPLEMENTOS,14
"(2.0, 3.0]","(3.0, 4.0]",CUIDADO PERSONAL,47
"(2.0, 3.0]","(3.0, 4.0]",FRAGANCIAS,34
"(2.0, 3.0]","(3.0, 4.0]",HOGAR,0
"(2.0, 3.0]","(3.0, 4.0]",LENTES,0
"(2.0, 3.0]","(3.0, 4.0]",MAQUILLAJE,26
"(2.0, 3.0]","(3.0, 4.0]",MUESTRAS COSMETICOS,3
"(2.0, 3.0]","(3.0, 4.0]",PROMOCION USUARIOS,5
"(2.0, 3.0]","(3.0, 4.0]",RELOJES,0
"(2.0, 3.0]","(3.0, 4.0]",TRATAMIENTO CORPORAL,10
"(2.0, 3.0]","(3.0, 4.0]",TRATAMIENTO FACIAL,3
"(2.0, 3.0]","(3.0, 4.0]",VARIOS,4
"(2.0, 3.0]","(4.0, 5.0]",ACCESORIOS COSMETICOS,0
"(2.0, 3.0]","(4.0, 5.0]",BIJOUTERIE,5
"(2.0, 3.0]","(4.0, 5.0]",COMPLEMENTOS,0
"(2.0, 3.0]","(4.0, 5.0]",CUIDADO PERSONAL,22
"(2.0, 3.0]","(4.0, 5.0]",FRAGANCIAS,14
"(2.0, 3.0]","(4.0, 5.0]",HOGAR,0
"(2.0, 3.0]","(4.0, 5.0]",LENTES,0
"(2.0, 3.0]","(4.0, 5.0]",MAQUILLAJE,18
"(2.0, 3.0]","(4.0, 5.0]",MUESTRAS COSMETICOS,0
"(2.0, 3.0]","(4.0, 5.0]",PROMOCION USUARIOS,0
"(2.0, 3.0]","(4.0, 5.0]",RELOJES,4
"(2.0, 3.0]","(4.0, 5.0]",TRATAMIENTO CORPORAL,3
"(2.0, 3.0]","(4.0, 5.0]",TRATAMIENTO FACIAL,0
"(2.0, 3.0]","(4.0, 5.0]",VARIOS,0
"(2.0, 3.0]","(5.0, 6.0]",ACCESORIOS COSMETICOS,0
"(2.0, 3.0]","(5.0, 6.0]",BIJOUTERIE,0
"(2.0, 3.0]","(5.0, 6.0]",COMPLEMENTOS,4
"(2.0, 3.0]","(5.0, 6.0]",CUIDADO PERSONAL,10
"(2.0, 3.0]","(5.0, 6.0]",FRAGANCIAS,30
"(2.0, 3.0]","(5.0, 6.0]",HOGAR,0
"(2.0, 3.0]","(5.0, 6.0]",LENTES,0
"(2.0, 3.0]","(5.0, 6.0]",MAQUILLAJE,7
"(2.0, 3.0]","(5.0, 6.0]",MUESTRAS COSMETICOS,4
"(2.0, 3.0]","(5.0, 6.0]",PROMOCION USUARIOS,0
"(2.0, 3.0]","(5.0, 6.0]",RELOJES,0
"(2.0, 3.0]","(5.0, 6.0]",TRATAMIENTO CORPORAL,3
"(2.0, 3.0]","(5.0, 6.0]",TRATAMIENTO FACIAL,0
"(2.0, 3.0]","(5.0, 6.0]",VARIOS,0
"(2.0, 3.0]","(6.0, 7.0]",ACCESORIOS COSMETICOS,0
"(2.0, 3.0]","(6.0, 7.0]",BIJOUTERIE,0
"(2.0, 3.0]","(6.0, 7.0]",COMPLEMENTOS,4
"(2.0, 3.0]","(6.0, 7.0]",CUIDADO PERSONAL,6
"(2.0, 3.0]","(6.0, 7.0]",FRAGANCIAS,2
"(2.0, 3.0]","(6.0, 7.0]",HOGAR,0
"(2.0, 3.0]","(6.0, 7.0]",LENTES,0
"(2.0, 3.0]","(6.0, 7.0]",MAQUILLAJE,8
"(2.0, 3.0]","(6.0, 7.0]",MUESTRAS COSMETICOS,0
"(2.0, 3.0]","(6.0, 7.0]",PROMOCION USUARIOS,5
"(2.0, 3.0]","(6.0, 7.0]",RELOJES,0
"(2.0, 3.0]","(6.0, 7.0]",TRATAMIENTO CORPORAL,0
"(2.0, 3.0]","(6.0, 7.0]",TRATAMIENTO FACIAL,0
"(2.0, 3.0]","(6.0, 7.0]",VARIOS,0
"(2.0, 3.0]","(7.0, 8.0]",ACCESORIOS COSMETICOS,0
"(2.0, 3.0]","(7.0, 8.0]",BIJOUTERIE,0
"(2.0, 3.0]","(7.0, 8.0]",COMPLEMENTOS,0
"(2.0, 3.0]","(7.0, 8.0]",CUIDADO PERSONAL,0
"(2.0, 3.0]","(7.0, 8.0]",FRAGANCIAS,0
"(2.0, 3.0]","(7.0, 8.0]",HOGAR,0
"(2.0, 3.0]","(7.0, 8.0]",LENTES,0
"(2.0, 3.0]","(7.0, 8.0]",MAQUILLAJE,3
"(2.0, 3.0]","(7.0, 8.0]",MUESTRAS COSMETICOS,4
"(2.0, 3.0]","(7.0, 8.0]",PROMOCION USUARIOS,0
"(2.0, 3.0]","(7.0, 8.0]",RELOJES,0
"(2.0, 3.0]","(7.0, 8.0]",TRATAMIENTO CORPORAL,0
"(2.0, 3.0]","(7.0, 8.0]",TRATAMIENTO FACIAL,0
"(2.0, 3.0]","(7.0, 8.0]",VARIOS,0
"(2.0, 3.0]","(8.0, 9.0]",ACCESORIOS COSMETICOS,0
"(2.0, 3.0]","(8.0, 9.0]",BIJOUTERIE,0
"(2.0, 3.0]","(8.0, 9.0]",COMPLEMENTOS,0
"(2.0, 3.0]","(8.0, 9.0]",CUIDADO PERSONAL,0
"(2.0, 3.0]","(8.0, 9.0]",FRAGANCIAS,4
"(2.0, 3.0]","(8.0, 9.0]",HOGAR,0
"(2.0, 3.0]","(8.0, 9.0]",LENTES,0
"(2.0, 3.0]","(8.0, 9.0]",MAQUILLAJE,3
"(2.0, 3.0]","(8.0, 9.0]",MUESTRAS COSMETICOS,0
"(2.0, 3.0]","(8.0, 9.0]",PROMOCION USUARIOS,0
"(2.0, 3.0]","(8.0, 9.0]",RELOJES,0
"(2.0, 3.0]","(8.0, 9.0]",TRATAMIENTO CORPORAL,0
"(2.0, 3.0]","(8.0, 9.0]",TRATAMIENTO FACIAL,0
"(2.0, 3.0]","(8.0, 9.0]",VARIOS,0
"(2.0, 3.0]","(9.0, 10.0]",ACCESORIOS COSMETICOS,0
"(2.0, 3.0]","(9.0, 10.0]",BIJOUTERIE,2
"(2.0, 3.0]","(9.0, 10.0]",COMPLEMENTOS,0
"(2.0, 3.0]","(9.0, 10.0]",CUIDADO PERSONAL,0
"(2.0, 3.0]","(9.0, 10.0]",FRAGANCIAS,0
"(2.0, 3.0]","(9.0, 10.0]",HOGAR,0
"(2.0, 3.0]","(9.0, 10.0]",LENTES,0
"(2.0, 3.0]","(9.0, 10.0]",MAQUILLAJE,0
"(2.0, 3.0]","(9.0, 10.0]",MUESTRAS COSMETICOS,0
"(2.0, 3.0]","(9.0, 10.0]",PROMOCION USUARIOS,0
"(2.0, 3.0]","(9.0, 10.0]",RELOJES,0
"(2.0, 3.0]","(9.0, 10.0]",TRATAMIENTO CORPORAL,0
"(2.0, 3.0]","(9.0, 10.0]",TRATAMIENTO FACIAL,0
"(2.0, 3.0]","(9.0, 10.0]",VARIOS,0
"(3.0, 4.0]","(-0.001, 1.0]",ACCESORIOS COSMETICOS,0
"(3.0, 4.0]","(-0.001, 1.0]",BIJOUTERIE,0
"(3.0, 4.0]","(-0.001, 1.0]",COMPLEMENTOS,0
"(3.0, 4.0]","(-0.001, 1.0]",CUIDADO PERSONAL,0
"(3.0, 4.0]","(-0.001, 1.0]",FRAGANCIAS,0
"(3.0, 4.0]","(-0.001, 1.0]",HOGAR,0
"(3.0, 4.0]","(-0.001, 1.0]",LENTES,0
"(3.0, 4.0]","(-0.001, 1.0]",MAQUILLAJE,0
"(3.0, 4.0]","(-0.001, 1.0]",MUESTRAS COSMETICOS,0
"(3.0, 4.0]","(-0.001, 1.0]",PROMOCION USUARIOS,0
"(3.0, 4.0]","(-0.001, 1.0]",RELOJES,0
"(3.0, 4.0]","(-0.001, 1.0]",TRATAMIENTO CORPORAL,0
"(3.0, 4.0]","(-0.001, 1.0]",TRATAMIENTO FACIAL,0
"(3.0, 4.0]","(-0.001, 1.0]",VARIOS,0
"(3.0, 4.0]","(1.0, 2.0]",ACCESORIOS COSMETICOS,2
"(3.0, 4.0]","(1.0, 2.0]",BIJOUTERIE,30
"(3.0, 4.0]","(1.0, 2.0]",COMPLEMENTOS,31
"(3.0, 4.0]","(1.0, 2.0]",CUIDADO PERSONAL,99
"(3.0, 4.0]","(1.0, 2.0]",FRAGANCIAS,168
"(3.0, 4.0]","(1.0, 2.0]",HOGAR,4
"(3.0, 4.0]","(1.0, 2.0]",LENTES,4
"(3.0, 4.0]","(1.0, 2.0]",MAQUILLAJE,130
"(3.0, 4.0]","(1.0, 2.0]",MUESTRAS COSMETICOS,3
"(3.0, 4.0]","(1.0, 2.0]",PROMOCION USUARIOS,1
"(3.0, 4.0]","(1.0, 2.0]",RELOJES,3
"(3.0, 4.0]","(1.0, 2.0]",TRATAMIENTO CORPORAL,18
"(3.0, 4.0]","(1.0, 2.0]",TRATAMIENTO FACIAL,29
"(3.0, 4.0]","(1.0, 2.0]",VARIOS,30
"(3.0, 4.0]","(2.0, 3.0]",ACCESORIOS COSMETICOS,2
"(3.0, 4.0]","(2.0, 3.0]",BIJOUTERIE,39
"(3.0, 4.0]","(2.0, 3.0]",COMPLEMENTOS,21
"(3.0, 4.0]","(2.0, 3.0]",CUIDADO PERSONAL,80
"(3.0, 4.0]","(2.0, 3.0]",FRAGANCIAS,96
"(3.0, 4.0]","(2.0, 3.0]",HOGAR,0
"(3.0, 4.0]","(2.0, 3.0]",LENTES,0
"(3.0, 4.0]","(2.0, 3.0]",MAQUILLAJE,112
"(3.0, 4.0]","(2.0, 3.0]",MUESTRAS COSMETICOS,0
"(3.0, 4.0]","(2.0, 3.0]",PROMOCION USUARIOS,22
"(3.0, 4.0]","(2.0, 3.0]",RELOJES,7
"(3.0, 4.0]","(2.0, 3.0]",TRATAMIENTO CORPORAL,16
"(3.0, 4.0]","(2.0, 3.0]",TRATAMIENTO FACIAL,42
"(3.0, 4.0]","(2.0, 3.0]",VARIOS,12
"(3.0, 4.0]","(3.0, 4.0]",ACCESORIOS COSMETICOS,0
"(3.0, 4.0]","(3.0, 4.0]",BIJOUTERIE,20
"(3.0, 4.0]","(3.0, 4.0]",COMPLEMENTOS,16
"(3.0, 4.0]","(3.0, 4.0]",CUIDADO PERSONAL,69
"(3.0, 4.0]","(3.0, 4.0]",FRAGANCIAS,53
"(3.0, 4.0]","(3.0, 4.0]",HOGAR,0
"(3.0, 4.0]","(3.0, 4.0]",LENTES,0
"(3.0, 4.0]","(3.0, 4.0]",MAQUILLAJE,36
"(3.0, 4.0]","(3.0, 4.0]",MUESTRAS COSMETICOS,0
"(3.0, 4.0]","(3.0, 4.0]",PROMOCION USUARIOS,2
"(3.0, 4.0]","(3.0, 4.0]",RELOJES,0
"(3.0, 4.0]","(3.0, 4.0]",TRATAMIENTO CORPORAL,19
"(3.0, 4.0]","(3.0, 4.0]",TRATAMIENTO FACIAL,6
"(3.0, 4.0]","(3.0, 4.0]",VARIOS,5
"(3.0, 4.0]","(4.0, 5.0]",ACCESORIOS COSMETICOS,0
"(3.0, 4.0]","(4.0, 5.0]",BIJOUTERIE,7
"(3.0, 4.0]","(4.0, 5.0]",COMPLEMENTOS,0
"(3.0, 4.0]","(4.0, 5.0]",CUIDADO PERSONAL,36
"(3.0, 4.0]","(4.0, 5.0]",FRAGANCIAS,18
"(3.0, 4.0]","(4.0, 5.0]",HOGAR,0
"(3.0, 4.0]","(4.0, 5.0]",LENTES,0
"(3.0, 4.0]","(4.0, 5.0]",MAQUILLAJE,21
"(3.0, 4.0]","(4.0, 5.0]",MUESTRAS COSMETICOS,0
"(3.0, 4.0]","(4.0, 5.0]",PROMOCION USUARIOS,0
"(3.0, 4.0]","(4.0, 5.0]",RELOJES,5
"(3.0, 4.0]","(4.0, 5.0]",TRATAMIENTO CORPORAL,3
"(3.0, 4.0]","(4.0, 5.0]",TRATAMIENTO FACIAL,0
"(3.0, 4.0]","(4.0, 5.0]",VARIOS,0
"(3.0, 4.0]","(5.0, 6.0]",ACCESORIOS COSMETICOS,0
"(3.0, 4.0]","(5.0, 6.0]",BIJOUTERIE,0
"(3.0, 4.0]","(5.0, 6.0]",COMPLEMENTOS,0
"(3.0, 4.0]","(5.0, 6.0]",CUIDADO PERSONAL,16
"(3.0, 4.0]","(5.0, 6.0]",FRAGANCIAS,41
"(3.0, 4.0]","(5.0, 6.0]",HOGAR,0
"(3.0, 4.0]","(5.0, 6.0]",LENTES,0
"(3.0, 4.0]","(5.0, 6.0]",MAQUILLAJE,11
"(3.0, 4.0]","(5.0, 6.0]",MUESTRAS COSMETICOS,4
"(3.0, 4.0]","(5.0, 6.0]",PROMOCION USUARIOS,0
"(3.0, 4.0]","(5.0, 6.0]",RELOJES,0
"(3.0, 4.0]","(5.0, 6.0]",TRATAMIENTO CORPORAL,2
"(3.0, 4.0]","(5.0, 6.0]",TRATAMIENTO FACIAL,0
"(3.0, 4.0]","(5.0, 6.0]",VARIOS,0
"(3.0, 4.0]","(6.0, 7.0]",ACCESORIOS COSMETICOS,0
"(3.0, 4.0]","(6.0, 7.0]",BIJOUTERIE,0
"(3.0, 4.0]","(6.0, 7.0]",COMPLEMENTOS,4
"(3.0, 4.0]","(6.0, 7.0]",CUIDADO PERSONAL,7
"(3.0, 4.0]","(6.0, 7.0]",FRAGANCIAS,6
"(3.0, 4.0]","(6.0, 7.0]",HOGAR,0
"(3.0, 4.0]","(6.0, 7.0]",LENTES,0
"(3.0, 4.0]","(6.0, 7.0]",MAQUILLAJE,10
"(3.0, 4.0]","(6.0, 7.0]",MUESTRAS COSMETICOS,0
"(3.0, 4.0]","(6.0, 7.0]",PROMOCION USUARIOS,4
"(3.0, 4.0]","(6.0, 7.0]",RELOJES,0
"(3.0, 4.0]","(6.0, 7.0]",TRATAMIENTO CORPORAL,0
"(3.0, 4.0]","(6.0, 7.0]",TRATAMIENTO FACIAL,0
"(3.0, 4.0]","(6.0, 7.0]",VARIOS,0
"(3.0, 4.0]","(7.0, 8.0]",ACCESORIOS COSMETICOS,0
"(3.0, 4.0]","(7.0, 8.0]",BIJOUTERIE,0
"(3.0, 4.0]","(7.0, 8.0]",COMPLEMENTOS,0
"(3.0, 4.0]","(7.0, 8.0]",CUIDADO PERSONAL,0
"(3.0, 4.0]","(7.0, 8.0]",FRAGANCIAS,0
"(3.0, 4.0]","(7.0, 8.0]",HOGAR,0
"(3.0, 4.0]","(7.0, 8.0]",LENTES,0
"(3.0, 4.0]","(7.0, 8.0]",MAQUILLAJE,6
"(3.0, 4.0]","(7.0, 8.0]",MUESTRAS COSMETICOS,4
"(3.0, 4.0]","(7.0, 8.0]",PROMOCION USUARIOS,0
"(3.0, 4.0]","(7.0, 8.0]",RELOJES,0
"(3.0, 4.0]","(7.0, 8.0]",TRATAMIENTO CORPORAL,0
"(3.0, 4.0]","(7.0, 8.0]",TRATAMIENTO FACIAL,0
"(3.0, 4.0]","(7.0, 8.0]",VARIOS,0
"(3.0, 4.0]","(8.0, 9.0]",ACCESORIOS COSMETICOS,0
"(3.0, 4.0]","(8.0, 9.0]",BIJOUTERIE,0
"(3.0, 4.0]","(8.0, 9.0]",COMPLEMENTOS,0
"(3.0, 4.0]","(8.0, 9.0]",CUIDADO PERSONAL,0
"(3.0, 4.0]","(8.0, 9.0]",FRAGANCIAS,6
"(3.0, 4.0]","(8.0, 9.0]",HOGAR,0
"(3.0, 4.0]","(8.0, 9.0]",LENTES,0
"(3.0, 4.0]","(8.0, 9.0]",MAQUILLAJE,3
"(3.0, 4.0]","(8.0, 9.0]",MUESTRAS COSMETICOS,0
"(3.0, 4.0]","(8.0, 9.0]",PROMOCION USUARIOS,0
"(3.0, 4.0]","(8.0, 9.0]",RELOJES,0
"(3.0, 4.0]","(8.0, 9.0]",TRATAMIENTO CORPORAL,0
"(3.0, 4.0]","(8.0, 9.0]",TRATAMIENTO FACIAL,0
"(3.0, 4.0]","(8.0, 9.0]",VARIOS,0
"(3.0, 4.0]","(9.0, 10.0]",ACCESORIOS COSMETICOS,0
"(3.0, 4.0]","(9.0, 10.0]",BIJOUTERIE,5
"(3.0, 4.0]","(9.0, 10.0]",COMPLEMENTOS,0
"(3.0, 4.0]","(9.0, 10.0]",CUIDADO PERSONAL,0
"(3.0, 4.0]","(9.0, 10.0]",FRAGANCIAS,0
"(3.0, 4.0]","(9.0, 10.0]",HOGAR,0
"(3.0, 4.0]","(9.0, 10.0]",LENTES,0
"(3.0, 4.0]","(9.0, 10.0]",MAQUILLAJE,5
"(3.0, 4.0]","(9.0, 10.0]",MUESTRAS COSMETICOS,0
"(3.0, 4.0]","(9.0, 10.0]",PROMOCION USUARIOS,0
"(3.0, 4.0]","(9.0, 10.0]",RELOJES,0
"(3.0, 4.0]","(9.0, 10.0]",TRATAMIENTO CORPORAL,0
"(3.0, 4.0]","(9.0, 10.0]",TRATAMIENTO FACIAL,0
"(3.0, 4.0]","(9.0, 10.0]",VARIOS,0
"(4.0, 5.0]","(-0.001, 1.0]",ACCESORIOS COSMETICOS,0
"(4.0, 5.0]","(-0.001, 1.0]",BIJOUTERIE,0
"(4.0, 5.0]","(-0.001, 1.0]",COMPLEMENTOS,0
"(4.0, 5.0]","(-0.001, 1.0]",CUIDADO PERSONAL,0
"(4.0, 5.0]","(-0.001, 1.0]",FRAGANCIAS,0
"(4.0, 5.0]","(-0.001, 1.0]",HOGAR,0
"(4.0, 5.0]","(-0.001, 1.0]",LENTES,0
"(4.0, 5.0]","(-0.001, 1.0]",MAQUILLAJE,0
"(4.0, 5.0]","(-0.001, 1.0]",MUESTRAS COSMETICOS,0
"(4.0, 5.0]","(-0.001, 1.0]",PROMOCION USUARIOS,0
"(4.0, 5.0]","(-0.001, 1.0]",RELOJES,0
"(4.0, 5.0]","(-0.001, 1.0]",TRATAMIENTO CORPORAL,0
"(4.0, 5.0]","(-0.001, 1.0]",TRATAMIENTO FACIAL,0
"(4.0, 5.0]","(-0.001, 1.0]",VARIOS,0
"(4.0, 5.0]","(1.0, 2.0]",ACCESORIOS COSMETICOS,0
"(4.0, 5.0]","(1.0, 2.0]",BIJOUTERIE,32
"(4.0, 5.0]","(1.0, 2.0]",COMPLEMENTOS,33
"(4.0, 5.0]","(1.0, 2.0]",CUIDADO PERSONAL,79
"(4.0, 5.0]","(1.0, 2.0]",FRAGANCIAS,166
"(4.0, 5.0]","(1.0, 2.0]",HOGAR,5
"(4.0, 5.0]","(1.0, 2.0]",LENTES,3
"(4.0, 5.0]","(1.0, 2.0]",MAQUILLAJE,146
"(4.0, 5.0]","(1.0, 2.0]",MUESTRAS COSMETICOS,5
"(4.0, 5.0]","(1.0, 2.0]",PROMOCION USUARIOS,14
"(4.0, 5.0]","(1.0, 2.0]",RELOJES,11
"(4.0, 5.0]","(1.0, 2.0]",TRATAMIENTO CORPORAL,17
"(4.0, 5.0]","(1.0, 2.0]",TRATAMIENTO FACIAL,37
"(4.0, 5.0]","(1.0, 2.0]",VARIOS,15
"(4.0, 5.0]","(2.0, 3.0]",ACCESORIOS COSMETICOS,1
"(4.0, 5.0]","(2.0, 3.0]",BIJOUTERIE,25
"(4.0, 5.0]","(2.0, 3.0]",COMPLEMENTOS,19
"(4.0, 5.0]","(2.0, 3.0]",CUIDADO PERSONAL,111
"(4.0, 5.0]","(2.0, 3.0]",FRAGANCIAS,126
"(4.0, 5.0]","(2.0, 3.0]",HOGAR,0
"(4.0, 5.0]","(2.0, 3.0]",LENTES,0
"(4.0, 5.0]","(2.0, 3.0]",MAQUILLAJE,117
"(4.0, 5.0]","(2.0, 3.0]",MUESTRAS COSMETICOS,2
"(4.0, 5.0]","(2.0, 3.0]",PROMOCION USUARIOS,16
"(4.0, 5.0]","(2.0, 3.0]",RELOJES,4
"(4.0, 5.0]","(2.0, 3.0]",TRATAMIENTO CORPORAL,25
"(4.0, 5.0]","(2.0, 3.0]",TRATAMIENTO FACIAL,43
"(4.0, 5.0]","(2.0, 3.0]",VARIOS,13
"(4.0, 5.0]","(3.0, 4.0]",ACCESORIOS COSMETICOS,0
"(4.0, 5.0]","(3.0, 4.0]",BIJOUTERIE,23
"(4.0, 5.0]","(3.0, 4.0]",COMPLEMENTOS,22
"(4.0, 5.0]","(3.0, 4.0]",CUIDADO PERSONAL,79
"(4.0, 5.0]","(3.0, 4.0]",FRAGANCIAS,56
"(4.0, 5.0]","(3.0, 4.0]",HOGAR,0
"(4.0, 5.0]","(3.0, 4.0]",LENTES,0
"(4.0, 5.0]","(3.0, 4.0]",MAQUILLAJE,56
"(4.0, 5.0]","(3.0, 4.0]",MUESTRAS COSMETICOS,2
"(4.0, 5.0]","(3.0, 4.0]",PROMOCION USUARIOS,4
"(4.0, 5.0]","(3.0, 4.0]",RELOJES,0
"(4.0, 5.0]","(3.0, 4.0]",TRATAMIENTO CORPORAL,26
"(4.0, 5.0]","(3.0, 4.0]",TRATAMIENTO FACIAL,3
"(4.0, 5.0]","(3.0, 4.0]",VARIOS,1
"(4.0, 5.0]","(4.0, 5.0]",ACCESORIOS COSMETICOS,0
"(4.0, 5.0]","(4.0, 5.0]",BIJOUTERIE,9
"(4.0, 5.0]","(4.0, 5.0]",COMPLEMENTOS,0
"(4.0, 5.0]","(4.0, 5.0]",CUIDADO PERSONAL,40
"(4.0, 5.0]","(4.0, 5.0]",FRAGANCIAS,25
"(4.0, 5.0]","(4.0, 5.0]",HOGAR,0
"(4.0, 5.0]","(4.0, 5.0]",LENTES,0
"(4.0, 5.0]","(4.0, 5.0]",MAQUILLAJE,35
"(4.0, 5.0]","(4.0, 5.0]",MUESTRAS COSMETICOS,0
"(4.0, 5.0]","(4.0, 5.0]",PROMOCION USUARIOS,0
"(4.0, 5.0]","(4.0, 5.0]",RELOJES,4
"(4.0, 5.0]","(4.0, 5.0]",TRATAMIENTO CORPORAL,2
"(4.0, 5.0]","(4.0, 5.0]",TRATAMIENTO FACIAL,0
"(4.0, 5.0]","(4.0, 5.0]",VARIOS,0
"(4.0, 5.0]","(5.0, 6.0]",ACCESORIOS COSMETICOS,0
"(4.0, 5.0]","(5.0, 6.0]",BIJOUTERIE,0
"(4.0, 5.0]","(5.0, 6.0]",COMPLEMENTOS,5
"(4.0, 5.0]","(5.0, 6.0]",CUIDADO PERSONAL,15
"(4.0, 5.0]","(5.0, 6.0]",FRAGANCIAS,32
"(4.0, 5.0]","(5.0, 6.0]",HOGAR,0
"(4.0, 5.0]","(5.0, 6.0]",LENTES,0
"(4.0, 5.0]","(5.0, 6.0]",MAQUILLAJE,21
"(4.0, 5.0]","(5.0, 6.0]",MUESTRAS COSMETICOS,4
"(4.0, 5.0]","(5.0, 6.0]",PROMOCION USUARIOS,0
"(4.0, 5.0]","(5.0, 6.0]",RELOJES,0
"(4.0, 5.0]","(5.0, 6.0]",TRATAMIENTO CORPORAL,2
"(4.0, 5.0]","(5.0, 6.0]",TRATAMIENTO FACIAL,1
"(4.0, 5.0]","(5.0, 6.0]",VARIOS,0
"(4.0, 5.0]","(6.0, 7.0]",ACCESORIOS COSMETICOS,0
"(4.0, 5.0]","(6.0, 7.0]",BIJOUTERIE,0
"(4.0, 5.0]","(6.0, 7.0]",COMPLEMENTOS,2
"(4.0, 5.0]","(6.0, 7.0]",CUIDADO PERSONAL,7
"(4.0, 5.0]","(6.0, 7.0]",FRAGANCIAS,8
"(4.0, 5.0]","(6.0, 7.0]",HOGAR,0
"(4.0, 5.0]","(6.0, 7.0]",LENTES,0
"(4.0, 5.0]","(6.0, 7.0]",MAQUILLAJE,9
"(4.0, 5.0]","(6.0, 7.0]",MUESTRAS COSMETICOS,0
"(4.0, 5.0]","(6.0, 7.0]",PROMOCION USUARIOS,4
"(4.0, 5.0]","(6.0, 7.0]",RELOJES,0
"(4.0, 5.0]","(6.0, 7.0]",TRATAMIENTO CORPORAL,0
"(4.0, 5.0]","(6.0, 7.0]",TRATAMIENTO FACIAL,0
"(4.0, 5.0]","(6.0, 7.0]",VARIOS,0
"(4.0, 5.0]","(7.0, 8.0]",ACCESORIOS COSMETICOS,0
"(4.0, 5.0]","(7.0, 8.0]",BIJOUTERIE,0
"(4.0, 5.0]","(7.0, 8.0]",COMPLEMENTOS,0
"(4.0, 5.0]","(7.0, 8.0]",CUIDADO PERSONAL,0
"(4.0, 5.0]","(7.0, 8.0]",FRAGANCIAS,0
"(4.0, 5.0]","(7.0, 8.0]",HOGAR,0
"(4.0, 5.0]","(7.0, 8.0]",LENTES,0
"(4.0, 5.0]","(7.0, 8.0]",MAQUILLAJE,7
"(4.0, 5.0]","(7.0, 8.0]",MUESTRAS COSMETICOS,4
"(4.0, 5.0]","(7.0, 8.0]",PROMOCION USUARIOS,0
"(4.0, 5.0]","(7.0, 8.0]",RELOJES,0
"(4.0, 5.0]","(7.0, 8.0]",TRATAMIENTO CORPORAL,0
"(4.0, 5.0]","(7.0, 8.0]",TRATAMIENTO FACIAL,0
"(4.0, 5.0]","(7.0, 8.0]",VARIOS,0
"(4.0, 5.0]","(8.0, 9.0]",ACCESORIOS COSMETICOS,0
"(4.0, 5.0]","(8.0, 9.0]",BIJOUTERIE,0
"(4.0, 5.0]","(8.0, 9.0]",COMPLEMENTOS,0
"(4.0, 5.0]","(8.0, 9.0]",CUIDADO PERSONAL,0
"(4.0, 5.0]","(8.0, 9.0]",FRAGANCIAS,6
"(4.0, 5.0]","(8.0, 9.0]",HOGAR,0
"(4.0, 5.0]","(8.0, 9.0]",LENTES,0
"(4.0, 5.0]","(8.0, 9.0]",MAQUILLAJE,5
"(4.0, 5.0]","(8.0, 9.0]",MUESTRAS COSMETICOS,0
"(4.0, 5.0]","(8.0, 9.0]",PROMOCION USUARIOS,0
"(4.0, 5.0]","(8.0, 9.0]",RELOJES,0
"(4.0, 5.0]","(8.0, 9.0]",TRATAMIENTO CORPORAL,0
"(4.0, 5.0]","(8.0, 9.0]",TRATAMIENTO FACIAL,0
"(4.0, 5.0]","(8.0, 9.0]",VARIOS,0
"(4.0, 5.0]","(9.0, 10.0]",ACCESORIOS COSMETICOS,0
"(4.0, 5.0]","(9.0, 10.0]",BIJOUTERIE,8
"(4.0, 5.0]","(9.0, 10.0]",COMPLEMENTOS,0
"(4.0, 5.0]","(9.0, 10.0]",CUIDADO PERSONAL,0
"(4.0, 5.0]","(9.0, 10.0]",FRAGANCIAS,0
"(4.0, 5.0]","(9.0, 10.0]",HOGAR,0
"(4.0, 5.0]","(9.0, 10.0]",LENTES,0
"(4.0, 5.0]","(9.0, 10.0]",MAQUILLAJE,5
"(4.0, 5.0]","(9.0, 10.0]",MUESTRAS COSMETICOS,0
"(4.0, 5.0]","(9.0, 10.0]",PROMOCION USUARIOS,0
"(4.0, 5.0]","(9.0, 10.0]",RELOJES,0
"(4.0, 5.0]","(9.0, 10.0]",TRATAMIENTO CORPORAL,0
"(4.0, 5.0]","(9.0, 10.0]",TRATAMIENTO FACIAL,0
"(4.0, 5.0]","(9.0, 10.0]",VARIOS,0
"(5.0, 6.0]","(-0.001, 1.0]",ACCESORIOS COSMETICOS,0
"(5.0, 6.0]","(-0.001, 1.0]",BIJOUTERIE,0
"(5.0, 6.0]","(-0.001, 1.0]",COMPLEMENTOS,0
"(5.0, 6.0]","(-0.001, 1.0]",CUIDADO PERSONAL,0
"(5.0, 6.0]","(-0.001, 1.0]",FRAGANCIAS,0
"(5.0, 6.0]","(-0.001, 1.0]",HOGAR,0
"(5.0, 6.0]","(-0.001, 1.0]",LENTES,0
"(5.0, 6.0]","(-0.001, 1.0]",MAQUILLAJE,0
"(5.0, 6.0]","(-0.001, 1.0]",MUESTRAS COSMETICOS,0
"(5.0, 6.0]","(-0.001, 1.0]",PROMOCION USUARIOS,0
"(5.0, 6.0]","(-0.001, 1.0]",RELOJES,0
"(5.0, 6.0]","(-0.001, 1.0]",TRATAMIENTO CORPORAL,0
"(5.0, 6.0]","(-0.001, 1.0]",TRATAMIENTO FACIAL,0
"(5.0, 6.0]","(-0.001, 1.0]",VARIOS,0
"(5.0, 6.0]","(1.0, 2.0]",ACCESORIOS COSMETICOS,1
"(5.0, 6.0]","(1.0, 2.0]",BIJOUTERIE,44
"(5.0, 6.0]","(1.0, 2.0]",COMPLEMENTOS,20
"(5.0, 6.0]","(1.0, 2.0]",CUIDADO PERSONAL,115
"(5.0, 6.0]","(1.0, 2.0]",FRAGANCIAS,177
"(5.0, 6.0]","(1.0, 2.0]",HOGAR,3
"(5.0, 6.0]","(1.0, 2.0]",LENTES,4
"(5.0, 6.0]","(1.0, 2.0]",MAQUILLAJE,185
"(5.0, 6.0]","(1.0, 2.0]",MUESTRAS COSMETICOS,13
"(5.0, 6.0]","(1.0, 2.0]",PROMOCION USUARIOS,22
"(5.0, 6.0]","(1.0, 2.0]",RELOJES,3
"(5.0, 6.0]","(1.0, 2.0]",TRATAMIENTO CORPORAL,25
"(5.0, 6.0]","(1.0, 2.0]",TRATAMIENTO FACIAL,28
"(5.0, 6.0]","(1.0, 2.0]",VARIOS,24
"(5.0, 6.0]","(2.0, 3.0]",ACCESORIOS COSMETICOS,3
"(5.0, 6.0]","(2.0, 3.0]",BIJOUTERIE,42
"(5.0, 6.0]","(2.0, 3.0]",COMPLEMENTOS,28
"(5.0, 6.0]","(2.0, 3.0]",CUIDADO PERSONAL,105
"(5.0, 6.0]","(2.0, 3.0]",FRAGANCIAS,142
"(5.0, 6.0]","(2.0, 3.0]",HOGAR,0
"(5.0, 6.0]","(2.0, 3.0]",LENTES,0
"(5.0, 6.0]","(2.0, 3.0]",MAQUILLAJE,142
"(5.0, 6.0]","(2.0, 3.0]",MUESTRAS COSMETICOS,1
"(5.0, 6.0]","(2.0, 3.0]",PROMOCION USUARIOS,15
"(5.0, 6.0]","(2.0, 3.0]",RELOJES,10
"(5.0, 6.0]","(2.0, 3.0]",TRATAMIENTO CORPORAL,20
"(5.0, 6.0]","(2.0, 3.0]",TRATAMIENTO FACIAL,51
"(5.0, 6.0]","(2.0, 3.0]",VARIOS,6
"(5.0, 6.0]","(3.0, 4.0]",ACCESORIOS COSMETICOS,0
"(5.0, 6.0]","(3.0, 4.0]",BIJOUTERIE,36
"(5.0, 6.0]","(3.0, 4.0]",COMPLEMENTOS,24
"(5.0, 6.0]","(3.0, 4.0]",CUIDADO PERSONAL,101
"(5.0, 6.0]","(3.0, 4.0]",FRAGANCIAS,83
"(5.0, 6.0]","(3.0, 4.0]",HOGAR,0
"(5.0, 6.0]","(3.0, 4.0]",LENTES,0
"(5.0, 6.0]","(3.0, 4.0]",MAQUILLAJE,73
"(5.0, 6.0]","(3.0, 4.0]",MUESTRAS COSMETICOS,7
"(5.0, 6.0]","(3.0, 4.0]",PROMOCION USUARIOS,6
"(5.0, 6.0]","(3.0, 4.0]",RELOJES,0
"(5.0, 6.0]","(3.0, 4.0]",TRATAMIENTO CORPORAL,36
"(5.0, 6.0]","(3.0, 4.0]",TRATAMIENTO FACIAL,14
"(5.0, 6.0]","(3.0, 4.0]",VARIOS,0
"(5.0, 6.0]","(4.0, 5.0]",ACCESORIOS COSMETICOS,0
"(5.0, 6.0]","(4.0, 5.0]",BIJOUTERIE,11
"(5.0, 6.0]","(4.0, 5.0]",COMPLEMENTOS,0
"(5.0, 6.0]","(4.0, 5.0]",CUIDADO PERSONAL,46
"(5.0, 6.0]","(4.0, 5.0]",FRAGANCIAS,37
"(5.0, 6.0]","(4.0, 5.0]",HOGAR,0
"(5.0, 6.0]","(4.0, 5.0]",LENTES,0
"(5.0, 6.0]","(4.0, 5.0]",MAQUILLAJE,39
"(5.0, 6.0]","(4.0, 5.0]",MUESTRAS COSMETICOS,0
"(5.0, 6.0]","(4.0, 5.0]",PROMOCION USUARIOS,0
"(5.0, 6.0]","(4.0, 5.0]",RELOJES,1
"(5.0, 6.0]","(4.0, 5.0]",TRATAMIENTO CORPORAL,4
"(5.0, 6.0]","(4.0, 5.0]",TRATAMIENTO FACIAL,0
"(5.0, 6.0]","(4.0, 5.0]",VARIOS,0
"(5.0, 6.0]","(5.0, 6.0]",ACCESORIOS COSMETICOS,0
"(5.0, 6.0]","(5.0, 6.0]",BIJOUTERIE,0
"(5.0, 6.0]","(5.0, 6.0]",COMPLEMENTOS,0
"(5.0, 6.0]","(5.0, 6.0]",CUIDADO PERSONAL,20
"(5.0, 6.0]","(5.0, 6.0]",FRAGANCIAS,44
"(5.0, 6.0]","(5.0, 6.0]",HOGAR,0
"(5.0, 6.0]","(5.0, 6.0]",LENTES,0
"(5.0, 6.0]","(5.0, 6.0]",MAQUILLAJE,21
"(5.0, 6.0]","(5.0, 6.0]",MUESTRAS COSMETICOS,4
"(5.0, 6.0]","(5.0, 6.0]",PROMOCION USUARIOS,0
"(5.0, 6.0]","(5.0, 6.0]",RELOJES,0
"(5.0, 6.0]","(5.0, 6.0]",TRATAMIENTO CORPORAL,3
"(5.0, 6.0]","(5.0, 6.0]",TRATAMIENTO FACIAL,4
"(5.0, 6.0]","(5.0, 6.0]",VARIOS,0
"(5.0, 6.0]","(6.0, 7.0]",ACCESORIOS COSMETICOS,0
"(5.0, 6.0]","(6.0, 7.0]",BIJOUTERIE,0
"(5.0, 6.0]","(6.0, 7.0]",COMPLEMENTOS,4
"(5.0, 6.0]","(6.0, 7.0]",CUIDADO PERSONAL,8
"(5.0, 6.0]","(6.0, 7.0]",FRAGANCIAS,7
"(5.0, 6.0]","(6.0, 7.0]",HOGAR,0
"(5.0, 6.0]","(6.0, 7.0]",LENTES,0
"(5.0, 6.0]","(6.0, 7.0]",MAQUILLAJE,11
"(5.0, 6.0]","(6.0, 7.0]",MUESTRAS COSMETICOS,0
"(5.0, 6.0]","(6.0, 7.0]",PROMOCION USUARIOS,3
"(5.0, 6.0]","(6.0, 7.0]",RELOJES,0
"(5.0, 6.0]","(6.0, 7.0]",TRATAMIENTO CORPORAL,0
"(5.0, 6.0]","(6.0, 7.0]",TRATAMIENTO FACIAL,0
"(5.0, 6.0]","(6.0, 7.0]",VARIOS,0
"(5.0, 6.0]","(7.0, 8.0]",ACCESORIOS COSMETICOS,0
"(5.0, 6.0]","(7.0, 8.0]",BIJOUTERIE,0
"(5.0, 6.0]","(7.0, 8.0]",COMPLEMENTOS,0
"(5.0, 6.0]","(7.0, 8.0]",CUIDADO PERSONAL,0
"(5.0, 6.0]","(7.0, 8.0]",FRAGANCIAS,0
"(5.0, 6.0]","(7.0, 8.0]",HOGAR,0
"(5.0, 6.0]","(7.0, 8.0]",LENTES,0
"(5.0, 6.0]","(7.0, 8.0]",MAQUILLAJE,6
"(5.0, 6.0]","(7.0, 8.0]",MUESTRAS COSMETICOS,4
"(5.0, 6.0]","(7.0, 8.0]",PROMOCION USUARIOS,0
"(5.0, 6.0]","(7.0, 8.0]",RELOJES,0
"(5.0, 6.0]","(7.0, 8.0]",TRATAMIENTO CORPORAL,0
"(5.0, 6.0]","(7.0, 8.0]",TRATAMIENTO FACIAL,0
"(5.0, 6.0]","(7.0, 8.0]",VARIOS,0
"(5.0, 6.0]","(8.0, 9.0]",ACCESORIOS COSMETICOS,0
"(5.0, 6.0]","(8.0, 9.0]",BIJOUTERIE,0
"(5.0, 6.0]","(8.0, 9.0]",COMPLEMENTOS,0
"(5.0, 6.0]","(8.0, 9.0]",CUIDADO PERSONAL,0
"(5.0, 6.0]","(8.0, 9.0]",FRAGANCIAS,6
"(5.0, 6.0]","(8.0, 9.0]",HOGAR,0
"(5.0, 6.0]","(8.0, 9.0]",LENTES,0
"(5.0, 6.0]","(8.0, 9.0]",MAQUILLAJE,4
"(5.0, 6.0]","(8.0, 9.0]",MUESTRAS COSMETICOS,0
"(5.0, 6.0]","(8.0, 9.0]",PROMOCION USUARIOS,0
"(5.0, 6.0]","(8.0, 9.0]",RELOJES,0
"(5.0, 6.0]","(8.0, 9.0]",TRATAMIENTO CORPORAL,0
"(5.0, 6.0]","(8.0, 9.0]",TRATAMIENTO FACIAL,0
"(5.0, 6.0]","(8.0, 9.0]",VARIOS,0
"(5.0, 6.0]","(9.0, 10.0]",ACCESORIOS COSMETICOS,0
"(5.0, 6.0]","(9.0, 10.0]",BIJOUTERIE,8
"(5.0, 6.0]","(9.0, 10.0]",COMPLEMENTOS,0
"(5.0, 6.0]","(9.0, 10.0]",CUIDADO PERSONAL,0
"(5.0, 6.0]","(9.0, 10.0]",FRAGANCIAS,0
"(5.0, 6.0]","(9.0, 10.0]",HOGAR,0
"(5.0, 6.0]","(9.0, 10.0]",LENTES,0
"(5.0, 6.0]","(9.0, 10.0]",MAQUILLAJE,5
"(5.0, 6.0]","(9.0, 10.0]",MUESTRAS COSMETICOS,0
"(5.0, 6.0]","(9.0, 10.0]",PROMOCION USUARIOS,0
"(5.0, 6.0]","(9.0, 10.0]",RELOJES,0
"(5.0, 6.0]","(9.0, 10.0]",TRATAMIENTO CORPORAL,0
"(5.0, 6.0]","(9.0, 10.0]",TRATAMIENTO FACIAL,0
"(5.0, 6.0]","(9.0, 10.0]",VARIOS,0
"(6.0, 7.0]","(-0.001, 1.0]",ACCESORIOS COSMETICOS,0
"(6.0, 7.0]","(-0.001, 1.0]",BIJOUTERIE,0
"(6.0, 7.0]","(-0.001, 1.0]",COMPLEMENTOS,0
"(6.0, 7.0]","(-0.001, 1.0]",CUIDADO PERSONAL,0
"(6.0, 7.0]","(-0.001, 1.0]",FRAGANCIAS,0
"(6.0, 7.0]","(-0.001, 1.0]",HOGAR,0
"(6.0, 7.0]","(-0.001, 1.0]",LENTES,0
"(6.0, 7.0]","(-0.001, 1.0]",MAQUILLAJE,0
"(6.0, 7.0]","(-0.001, 1.0]",MUESTRAS COSMETICOS,0
"(6.0, 7.0]","(-0.001, 1.0]",PROMOCION USUARIOS,0
"(6.0, 7.0]","(-0.001, 1.0]",RELOJES,0
"(6.0, 7.0]","(-0.001, 1.0]",TRATAMIENTO CORPORAL,0
"(6.0, 7.0]","(-0.001, 1.0]",TRATAMIENTO FACIAL,0
"(6.0, 7.0]","(-0.001, 1.0]",VARIOS,0
"(6.0, 7.0]","(1.0, 2.0]",ACCESORIOS COSMETICOS,2
"(6.0, 7.0]","(1.0, 2.0]",BIJOUTERIE,54
"(6.0, 7.0]","(1.0, 2.0]",COMPLEMENTOS,20
"(6.0, 7.0]","(1.0, 2.0]",CUIDADO PERSONAL,130
"(6.0, 7.0]","(1.0, 2.0]",FRAGANCIAS,206
"(6.0, 7.0]","(1.0, 2.0]",HOGAR,4
"(6.0, 7.0]","(1.0, 2.0]",LENTES,3
"(6.0, 7.0]","(1.0, 2.0]",MAQUILLAJE,196
"(6.0, 7.0]","(1.0, 2.0]",MUESTRAS COSMETICOS,9
"(6.0, 7.0]","(1.0, 2.0]",PROMOCION USUARIOS,4
"(6.0, 7.0]","(1.0, 2.0]",RELOJES,4
"(6.0, 7.0]","(1.0, 2.0]",TRATAMIENTO CORPORAL,30
"(6.0, 7.0]","(1.0, 2.0]",TRATAMIENTO FACIAL,41
"(6.0, 7.0]","(1.0, 2.0]",VARIOS,35
"(6.0, 7.0]","(2.0, 3.0]",ACCESORIOS COSMETICOS,7
"(6.0, 7.0]","(2.0, 3.0]",BIJOUTERIE,48
"(6.0, 7.0]","(2.0, 3.0]",COMPLEMENTOS,37
"(6.0, 7.0]","(2.0, 3.0]",CUIDADO PERSONAL,135
"(6.0, 7.0]","(2.0, 3.0]",FRAGANCIAS,167
"(6.0, 7.0]","(2.0, 3.0]",HOGAR,0
"(6.0, 7.0]","(2.0, 3.0]",LENTES,0
"(6.0, 7.0]","(2.0, 3.0]",MAQUILLAJE,177
"(6.0, 7.0]","(2.0, 3.0]",MUESTRAS COSMETICOS,1
"(6.0, 7.0]","(2.0, 3.0]",PROMOCION USUARIOS,8
"(6.0, 7.0]","(2.0, 3.0]",RELOJES,17
"(6.0, 7.0]","(2.0, 3.0]",TRATAMIENTO CORPORAL,32
"(6.0, 7.0]","(2.0, 3.0]",TRATAMIENTO FACIAL,43
"(6.0, 7.0]","(2.0, 3.0]",VARIOS,4
"(6.0, 7.0]","(3.0, 4.0]",ACCESORIOS COSMETICOS,0
"(6.0, 7.0]","(3.0, 4.0]",BIJOUTERIE,26
"(6.0, 7.0]","(3.0, 4.0]",COMPLEMENTOS,32
"(6.0, 7.0]","(3.0, 4.0]",CUIDADO PERSONAL,118
"(6.0, 7.0]","(3.0, 4.0]",FRAGANCIAS,120
"(6.0, 7.0]","(3.0, 4.0]",HOGAR,0
"(6.0, 7.0]","(3.0, 4.0]",LENTES,0
"(6.0, 7.0]","(3.0, 4.0]",MAQUILLAJE,104
"(6.0, 7.0]","(3.0, 4.0]",MUESTRAS COSMETICOS,2
"(6.0, 7.0]","(3.0, 4.0]",PROMOCION USUARIOS,6
"(6.0, 7.0]","(3.0, 4.0]",RELOJES,0
"(6.0, 7.0]","(3.0, 4.0]",TRATAMIENTO CORPORAL,35
"(6.0, 7.0]","(3.0, 4.0]",TRATAMIENTO FACIAL,23
"(6.0, 7.0]","(3.0, 4.0]",VARIOS,2
"(6.0, 7.0]","(4.0, 5.0]",ACCESORIOS COSMETICOS,0
"(6.0, 7.0]","(4.0, 5.0]",BIJOUTERIE,19
"(6.0, 7.0]","(4.0, 5.0]",COMPLEMENTOS,0
"(6.0, 7.0]","(4.0, 5.0]",CUIDADO PERSONAL,42
"(6.0, 7.0]","(4.0, 5.0]",FRAGANCIAS,38
"(6.0, 7.0]","(4.0, 5.0]",HOGAR,0
"(6.0, 7.0]","(4.0, 5.0]",LENTES,0
"(6.0, 7.0]","(4.0, 5.0]",MAQUILLAJE,52
"(6.0, 7.0]","(4.0, 5.0]",MUESTRAS COSMETICOS,0
"(6.0, 7.0]","(4.0, 5.0]",PROMOCION USUARIOS,0
"(6.0, 7.0]","(4.0, 5.0]",RELOJES,0
"(6.0, 7.0]","(4.0, 5.0]",TRATAMIENTO CORPORAL,4
"(6.0, 7.0]","(4.0, 5.0]",TRATAMIENTO FACIAL,0
"(6.0, 7.0]","(4.0, 5.0]",VARIOS,0
"(6.0, 7.0]","(5.0, 6.0]",ACCESORIOS COSMETICOS,0
"(6.0, 7.0]","(5.0, 6.0]",BIJOUTERIE,0
"(6.0, 7.0]","(5.0, 6.0]",COMPLEMENTOS,2
"(6.0, 7.0]","(5.0, 6.0]",CUIDADO PERSONAL,23
"(6.0, 7.0]","(5.0, 6.0]",FRAGANCIAS,60
"(6.0, 7.0]","(5.0, 6.0]",HOGAR,0
"(6.0, 7.0]","(5.0, 6.0]",LENTES,0
"(6.0, 7.0]","(5.0, 6.0]",MAQUILLAJE,22
"(6.0, 7.0]","(5.0, 6.0]",MUESTRAS COSMETICOS,4
"(6.0, 7.0]","(5.0, 6.0]",PROMOCION USUARIOS,0
"(6.0, 7.0]","(5.0, 6.0]",RELOJES,0
"(6.0, 7.0]","(5.0, 6.0]",TRATAMIENTO CORPORAL,4
"(6.0, 7.0]","(5.0, 6.0]",TRATAMIENTO FACIAL,5
"(6.0, 7.0]","(5.0, 6.0]",VARIOS,0
"(6.0, 7.0]","(6.0, 7.0]",ACCESORIOS COSMETICOS,0
"(6.0, 7.0]","(6.0, 7.0]",BIJOUTERIE,0
"(6.0, 7.0]","(6.0, 7.0]",COMPLEMENTOS,5
"(6.0, 7.0]","(6.0, 7.0]",CUIDADO PERSONAL,9
"(6.0, 7.0]","(6.0, 7.0]",FRAGANCIAS,2
"(6.0, 7.0]","(6.0, 7.0]",HOGAR,0
"(6.0, 7.0]","(6.0, 7.0]",LENTES,0
"(6.0, 7.0]","(6.0, 7.0]",MAQUILLAJE,11
"(6.0, 7.0]","(6.0, 7.0]",MUESTRAS COSMETICOS,0
"(6.0, 7.0]","(6.0, 7.0]",PROMOCION USUARIOS,5
"(6.0, 7.0]","(6.0, 7.0]",RELOJES,0
"(6.0, 7.0]","(6.0, 7.0]",TRATAMIENTO CORPORAL,0
"(6.0, 7.0]","(6.0, 7.0]",TRATAMIENTO FACIAL,0
"(6.0, 7.0]","(6.0, 7.0]",VARIOS,0
"(6.0, 7.0]","(7.0, 8.0]",ACCESORIOS COSMETICOS,0
"(6.0, 7.0]","(7.0, 8.0]",BIJOUTERIE,0
"(6.0, 7.0]","(7.0, 8.0]",COMPLEMENTOS,0
"(6.0, 7.0]","(7.0, 8.0]",CUIDADO PERSONAL,0
"(6.0, 7.0]","(7.0, 8.0]",FRAGANCIAS,0
"(6.0, 7.0]","(7.0, 8.0]",HOGAR,0
"(6.0, 7.0]","(7.0, 8.0]",LENTES,0
"(6.0, 7.0]","(7.0, 8.0]",MAQUILLAJE,7
"(6.0, 7.0]","(7.0, 8.0]",MUESTRAS COSMETICOS,4
"(6.0, 7.0]","(7.0, 8.0]",PROMOCION USUARIOS,0
"(6.0, 7.0]","(7.0, 8.0]",RELOJES,0
"(6.0, 7.0]","(7.0, 8.0]",TRATAMIENTO CORPORAL,0
"(6.0, 7.0]","(7.0, 8.0]",TRATAMIENTO FACIAL,0
"(6.0, 7.0]","(7.0, 8.0]",VARIOS,0
"(6.0, 7.0]","(8.0, 9.0]",ACCESORIOS COSMETICOS,0
"(6.0, 7.0]","(8.0, 9.0]",BIJOUTERIE,0
"(6.0, 7.0]","(8.0, 9.0]",COMPLEMENTOS,0
"(6.0, 7.0]","(8.0, 9.0]",CUIDADO PERSONAL,0
"(6.0, 7.0]","(8.0, 9.0]",FRAGANCIAS,0
"(6.0, 7.0]","(8.0, 9.0]",HOGAR,0
"(6.0, 7.0]","(8.0, 9.0]",LENTES,0
"(6.0, 7.0]","(8.0, 9.0]",MAQUILLAJE,4
"(6.0, 7.0]","(8.0, 9.0]",MUESTRAS COSMETICOS,0
"(6.0, 7.0]","(8.0, 9.0]",PROMOCION USUARIOS,0
"(6.0, 7.0]","(8.0, 9.0]",RELOJES,0
"(6.0, 7.0]","(8.0, 9.0]",TRATAMIENTO CORPORAL,0
"(6.0, 7.0]","(8.0, 9.0]",TRATAMIENTO FACIAL,0
"(6.0, 7.0]","(8.0, 9.0]",VARIOS,0
"(6.0, 7.0]","(9.0, 10.0]",ACCESORIOS COSMETICOS,0
"(6.0, 7.0]","(9.0, 10.0]",BIJOUTERIE,10
"(6.0, 7.0]","(9.0, 10.0]",COMPLEMENTOS,0
"(6.0, 7.0]","(9.0, 10.0]",CUIDADO PERSONAL,0
"(6.0, 7.0]","(9.0, 10.0]",FRAGANCIAS,0
"(6.0, 7.0]","(9.0, 10.0]",HOGAR,0
"(6.0, 7.0]","(9.0, 10.0]",LENTES,0
"(6.0, 7.0]","(9.0, 10.0]",MAQUILLAJE,4
"(6.0, 7.0]","(9.0, 10.0]",MUESTRAS COSMETICOS,0
"(6.0, 7.0]","(9.0, 10.0]",PROMOCION USUARIOS,0
"(6.0, 7.0]","(9.0, 10.0]",RELOJES,0
"(6.0, 7.0]","(9.0, 10.0]",TRATAMIENTO CORPORAL,0
"(6.0, 7.0]","(9.0, 10.0]",TRATAMIENTO FACIAL,0
"(6.0, 7.0]","(9.0, 10.0]",VARIOS,0
"(7.0, 8.0]","(-0.001, 1.0]",ACCESORIOS COSMETICOS,0
"(7.0, 8.0]","(-0.001, 1.0]",BIJOUTERIE,0
"(7.0, 8.0]","(-0.001, 1.0]",COMPLEMENTOS,0
"(7.0, 8.0]","(-0.001, 1.0]",CUIDADO PERSONAL,0
"(7.0, 8.0]","(-0.001, 1.0]",FRAGANCIAS,0
"(7.0, 8.0]","(-0.001, 1.0]",HOGAR,0
"(7.0, 8.0]","(-0.001, 1.0]",LENTES,0
"(7.0, 8.0]","(-0.001, 1.0]",MAQUILLAJE,0
"(7.0, 8.0]","(-0.001, 1.0]",MUESTRAS COSMETICOS,0
"(7.0, 8.0]","(-0.001, 1.0]",PROMOCION USUARIOS,0
"(7.0, 8.0]","(-0.001, 1.0]",RELOJES,0
"(7.0, 8.0]","(-0.001, 1.0]",TRATAMIENTO CORPORAL,0
"(7.0, 8.0]","(-0.001, 1.0]",TRATAMIENTO FACIAL,0
"(7.0, 8.0]","(-0.001, 1.0]",VARIOS,0
"(7.0, 8.0]","(1.0, 2.0]",ACCESORIOS COSMETICOS,10
"(7.0, 8.0]","(1.0, 2.0]",BIJOUTERIE,41
"(7.0, 8.0]","(1.0, 2.0]",COMPLEMENTOS,36
"(7.0, 8.0]","(1.0, 2.0]",CUIDADO PERSONAL,144
"(7.0, 8.0]","(1.0, 2.0]",FRAGANCIAS,209
"(7.0, 8.0]","(1.0, 2.0]",HOGAR,8
"(7.0, 8.0]","(1.0, 2.0]",LENTES,1
"(7.0, 8.0]","(1.0, 2.0]",MAQUILLAJE,184
"(7.0, 8.0]","(1.0, 2.0]",MUESTRAS COSMETICOS,5
"(7.0, 8.0]","(1.0, 2.0]",PROMOCION USUARIOS,5
"(7.0, 8.0]","(1.0, 2.0]",RELOJES,0
"(7.0, 8.0]","(1.0, 2.0]",TRATAMIENTO CORPORAL,29
"(7.0, 8.0]","(1.0, 2.0]",TRATAMIENTO FACIAL,37
"(7.0, 8.0]","(1.0, 2.0]",VARIOS,27
"(7.0, 8.0]","(2.0, 3.0]",ACCESORIOS COSMETICOS,4
"(7.0, 8.0]","(2.0, 3.0]",BIJOUTERIE,45
"(7.0, 8.0]","(2.0, 3.0]",COMPLEMENTOS,42
"(7.0, 8.0]","(2.0, 3.0]",CUIDADO PERSONAL,145
"(7.0, 8.0]","(2.0, 3.0]",FRAGANCIAS,142
"(7.0, 8.0]","(2.0, 3.0]",HOGAR,0
"(7.0, 8.0]","(2.0, 3.0]",LENTES,0
"(7.0, 8.0]","(2.0, 3.0]",MAQUILLAJE,188
"(7.0, 8.0]","(2.0, 3.0]",MUESTRAS COSMETICOS,1
"(7.0, 8.0]","(2.0, 3.0]",PROMOCION USUARIOS,7
"(7.0, 8.0]","(2.0, 3.0]",RELOJES,16
"(7.0, 8.0]","(2.0, 3.0]",TRATAMIENTO CORPORAL,37
"(7.0, 8.0]","(2.0, 3.0]",TRATAMIENTO FACIAL,48
"(7.0, 8.0]","(2.0, 3.0]",VARIOS,9
"(7.0, 8.0]","(3.0, 4.0]",ACCESORIOS COSMETICOS,0
"(7.0, 8.0]","(3.0, 4.0]",BIJOUTERIE,24
"(7.0, 8.0]","(3.0, 4.0]",COMPLEMENTOS,34
"(7.0, 8.0]","(3.0, 4.0]",CUIDADO PERSONAL,104
"(7.0, 8.0]","(3.0, 4.0]",FRAGANCIAS,118
"(7.0, 8.0]","(3.0, 4.0]",HOGAR,0
"(7.0, 8.0]","(3.0, 4.0]",LENTES,0
"(7.0, 8.0]","(3.0, 4.0]",MAQUILLAJE,94
"(7.0, 8.0]","(3.0, 4.0]",MUESTRAS COSMETICOS,7
"(7.0, 8.0]","(3.0, 4.0]",PROMOCION USUARIOS,6
"(7.0, 8.0]","(3.0, 4.0]",RELOJES,0
"(7.0, 8.0]","(3.0, 4.0]",TRATAMIENTO CORPORAL,23
"(7.0, 8.0]","(3.0, 4.0]",TRATAMIENTO FACIAL,20
"(7.0, 8.0]","(3.0, 4.0]",VARIOS,5
"(7.0, 8.0]","(4.0, 5.0]",ACCESORIOS COSMETICOS,0
"(7.0, 8.0]","(4.0, 5.0]",BIJOUTERIE,16
"(7.0, 8.0]","(4.0, 5.0]",COMPLEMENTOS,0
"(7.0, 8.0]","(4.0, 5.0]",CUIDADO PERSONAL,39
"(7.0, 8.0]","(4.0, 5.0]",FRAGANCIAS,38
"(7.0, 8.0]","(4.0, 5.0]",HOGAR,0
"(7.0, 8.0]","(4.0, 5.0]",LENTES,0
"(7.0, 8.0]","(4.0, 5.0]",MAQUILLAJE,43
"(7.0, 8.0]","(4.0, 5.0]",MUESTRAS COSMETICOS,1
"(7.0, 8.0]","(4.0, 5.0]",PROMOCION USUARIOS,0
"(7.0, 8.0]","(4.0, 5.0]",RELOJES,0
"(7.0, 8.0]","(4.0, 5.0]",TRATAMIENTO CORPORAL,4
"(7.0, 8.0]","(4.0, 5.0]",TRATAMIENTO FACIAL,0
"(7.0, 8.0]","(4.0, 5.0]",VARIOS,0
"(7.0, 8.0]","(5.0, 6.0]",ACCESORIOS COSMETICOS,0
"(7.0, 8.0]","(5.0, 6.0]",BIJOUTERIE,0
"(7.0, 8.0]","(5.0, 6.0]",COMPLEMENTOS,3
"(7.0, 8.0]","(5.0, 6.0]",CUIDADO PERSONAL,22
"(7.0, 8.0]","(5.0, 6.0]",FRAGANCIAS,49
"(7.0, 8.0]","(5.0, 6.0]",HOGAR,0
"(7.0, 8.0]","(5.0, 6.0]",LENTES,0
"(7.0, 8.0]","(5.0, 6.0]",MAQUILLAJE,27
"(7.0, 8.0]","(5.0, 6.0]",MUESTRAS COSMETICOS,4
"(7.0, 8.0]","(5.0, 6.0]",PROMOCION USUARIOS,0
"(7.0, 8.0]","(5.0, 6.0]",RELOJES,0
"(7.0, 8.0]","(5.0, 6.0]",TRATAMIENTO CORPORAL,4
"(7.0, 8.0]","(5.0, 6.0]",TRATAMIENTO FACIAL,4
"(7.0, 8.0]","(5.0, 6.0]",VARIOS,0
"(7.0, 8.0]","(6.0, 7.0]",ACCESORIOS COSMETICOS,0
"(7.0, 8.0]","(6.0, 7.0]",BIJOUTERIE,0
"(7.0, 8.0]","(6.0, 7.0]",COMPLEMENTOS,4
"(7.0, 8.0]","(6.0, 7.0]",CUIDADO PERSONAL,8
"(7.0, 8.0]","(6.0, 7.0]",FRAGANCIAS,6
"(7.0, 8.0]","(6.0, 7.0]",HOGAR,0
"(7.0, 8.0]","(6.0, 7.0]",LENTES,0
"(7.0, 8.0]","(6.0, 7.0]",MAQUILLAJE,12
"(7.0, 8.0]","(6.0, 7.0]",MUESTRAS COSMETICOS,0
"(7.0, 8.0]","(6.0, 7.0]",PROMOCION USUARIOS,4
"(7.0, 8.0]","(6.0, 7.0]",RELOJES,0
"(7.0, 8.0]","(6.0, 7.0]",TRATAMIENTO CORPORAL,0
"(7.0, 8.0]","(6.0, 7.0]",TRATAMIENTO FACIAL,0
"(7.0, 8.0]","(6.0, 7.0]",VARIOS,0
"(7.0, 8.0]","(7.0, 8.0]",ACCESORIOS COSMETICOS,0
"(7.0, 8.0]","(7.0, 8.0]",BIJOUTERIE,0
"(7.0, 8.0]","(7.0, 8.0]",COMPLEMENTOS,0
"(7.0, 8.0]","(7.0, 8.0]",CUIDADO PERSONAL,0
"(7.0, 8.0]","(7.0, 8.0]",FRAGANCIAS,0
"(7.0, 8.0]","(7.0, 8.0]",HOGAR,0
"(7.0, 8.0]","(7.0, 8.0]",LENTES,0
"(7.0, 8.0]","(7.0, 8.0]",MAQUILLAJE,5
"(7.0, 8.0]","(7.0, 8.0]",MUESTRAS COSMETICOS,4
"(7.0, 8.0]","(7.0, 8.0]",PROMOCION USUARIOS,0
"(7.0, 8.0]","(7.0, 8.0]",RELOJES,0
"(7.0, 8.0]","(7.0, 8.0]",TRATAMIENTO CORPORAL,0
"(7.0, 8.0]","(7.0, 8.0]",TRATAMIENTO FACIAL,0
"(7.0, 8.0]","(7.0, 8.0]",VARIOS,0
"(7.0, 8.0]","(8.0, 9.0]",ACCESORIOS COSMETICOS,0
"(7.0, 8.0]","(8.0, 9.0]",BIJOUTERIE,0
"(7.0, 8.0]","(8.0, 9.0]",COMPLEMENTOS,0
"(7.0, 8.0]","(8.0, 9.0]",CUIDADO PERSONAL,0
"(7.0, 8.0]","(8.0, 9.0]",FRAGANCIAS,1
"(7.0, 8.0]","(8.0, 9.0]",HOGAR,0
"(7.0, 8.0]","(8.0, 9.0]",LENTES,0
"(7.0, 8.0]","(8.0, 9.0]",MAQUILLAJE,4
"(7.0, 8.0]","(8.0, 9.0]",MUESTRAS COSMETICOS,0
"(7.0, 8.0]","(8.0, 9.0]",PROMOCION USUARIOS,0
"(7.0, 8.0]","(8.0, 9.0]",RELOJES,0
"(7.0, 8.0]","(8.0, 9.0]",TRATAMIENTO CORPORAL,0
"(7.0, 8.0]","(8.0, 9.0]",TRATAMIENTO FACIAL,0
"(7.0, 8.0]","(8.0, 9.0]",VARIOS,0
"(7.0, 8.0]","(9.0, 10.0]",ACCESORIOS COSMETICOS,0
"(7.0, 8.0]","(9.0, 10.0]",BIJOUTERIE,12
"(7.0, 8.0]","(9.0, 10.0]",COMPLEMENTOS,0
"(7.0, 8.0]","(9.0, 10.0]",CUIDADO PERSONAL,0
"(7.0, 8.0]","(9.0, 10.0]",FRAGANCIAS,0
"(7.0, 8.0]","(9.0, 10.0]",HOGAR,0
"(7.0, 8.0]","(9.0, 10.0]",LENTES,0
"(7.0, 8.0]","(9.0, 10.0]",MAQUILLAJE,7
"(7.0, 8.0]","(9.0, 10.0]",MUESTRAS COSMETICOS,0
"(7.0, 8.0]","(9.0, 10.0]",PROMOCION USUARIOS,0
"(7.0, 8.0]","(9.0, 10.0]",RELOJES,0
"(7.0, 8.0]","(9.0, 10.0]",TRATAMIENTO CORPORAL,0
"(7.0, 8.0]","(9.0, 10.0]",TRATAMIENTO FACIAL,0
"(7.0, 8.0]","(9.0, 10.0]",VARIOS,0
"(8.0, 9.0]","(-0.001, 1.0]",ACCESORIOS COSMETICOS,0
"(8.0, 9.0]","(-0.001, 1.0]",BIJOUTERIE,0
"(8.0, 9.0]","(-0.001, 1.0]",COMPLEMENTOS,0
"(8.0, 9.0]","(-0.001, 1.0]",CUIDADO PERSONAL,0
"(8.0, 9.0]","(-0.001, 1.0]",FRAGANCIAS,0
"(8.0, 9.0]","(-0.001, 1.0]",HOGAR,0
"(8.0, 9.0]","(-0.001, 1.0]",LENTES,0
"(8.0, 9.0]","(-0.001, 1.0]",MAQUILLAJE,0
"(8.0, 9.0]","(-0.001, 1.0]",MUESTRAS COSMETICOS,0
"(8.0, 9.0]","(-0.001, 1.0]",PROMOCION USUARIOS,0
"(8.0, 9.0]","(-0.001, 1.0]",RELOJES,0
"(8.0, 9.0]","(-0.001, 1.0]",TRATAMIENTO CORPORAL,0
"(8.0, 9.0]","(-0.001, 1.0]",TRATAMIENTO FACIAL,0
"(8.0, 9.0]","(-0.001, 1.0]",VARIOS,1
"(8.0, 9.0]","(1.0, 2.0]",ACCESORIOS COSMETICOS,7
"(8.0, 9.0]","(1.0, 2.0]",BIJOUTERIE,69
"(8.0, 9.0]","(1.0, 2.0]",COMPLEMENTOS,51
"(8.0, 9.0]","(1.0, 2.0]",CUIDADO PERSONAL,192
"(8.0, 9.0]","(1.0, 2.0]",FRAGANCIAS,234
"(8.0, 9.0]","(1.0, 2.0]",HOGAR,4
"(8.0, 9.0]","(1.0, 2.0]",LENTES,4
"(8.0, 9.0]","(1.0, 2.0]",MAQUILLAJE,245
"(8.0, 9.0]","(1.0, 2.0]",MUESTRAS COSMETICOS,12
"(8.0, 9.0]","(1.0, 2.0]",PROMOCION USUARIOS,12
"(8.0, 9.0]","(1.0, 2.0]",RELOJES,5
"(8.0, 9.0]","(1.0, 2.0]",TRATAMIENTO CORPORAL,44
"(8.0, 9.0]","(1.0, 2.0]",TRATAMIENTO FACIAL,37
"(8.0, 9.0]","(1.0, 2.0]",VARIOS,18
"(8.0, 9.0]","(2.0, 3.0]",ACCESORIOS COSMETICOS,9
"(8.0, 9.0]","(2.0, 3.0]",BIJOUTERIE,48
"(8.0, 9.0]","(2.0, 3.0]",COMPLEMENTOS,51
"(8.0, 9.0]","(2.0, 3.0]",CUIDADO PERSONAL,156
"(8.0, 9.0]","(2.0, 3.0]",FRAGANCIAS,161
"(8.0, 9.0]","(2.0, 3.0]",HOGAR,0
"(8.0, 9.0]","(2.0, 3.0]",LENTES,0
"(8.0, 9.0]","(2.0, 3.0]",MAQUILLAJE,174
"(8.0, 9.0]","(2.0, 3.0]",MUESTRAS COSMETICOS,3
"(8.0, 9.0]","(2.0, 3.0]",PROMOCION USUARIOS,9
"(8.0, 9.0]","(2.0, 3.0]",RELOJES,10
"(8.0, 9.0]","(2.0, 3.0]",TRATAMIENTO CORPORAL,33
"(8.0, 9.0]","(2.0, 3.0]",TRATAMIENTO FACIAL,43
"(8.0, 9.0]","(2.0, 3.0]",VARIOS,3
"(8.0, 9.0]","(3.0, 4.0]",ACCESORIOS COSMETICOS,0
"(8.0, 9.0]","(3.0, 4.0]",BIJOUTERIE,18
"(8.0, 9.0]","(3.0, 4.0]",COMPLEMENTOS,27
"(8.0, 9.0]","(3.0, 4.0]",CUIDADO PERSONAL,94
"(8.0, 9.0]","(3.0, 4.0]",FRAGANCIAS,103
"(8.0, 9.0]","(3.0, 4.0]",HOGAR,0
"(8.0, 9.0]","(3.0, 4.0]",LENTES,0
"(8.0, 9.0]","(3.0, 4.0]",MAQUILLAJE,77
"(8.0, 9.0]","(3.0, 4.0]",MUESTRAS COSMETICOS,5
"(8.0, 9.0]","(3.0, 4.0]",PROMOCION USUARIOS,4
"(8.0, 9.0]","(3.0, 4.0]",RELOJES,0
"(8.0, 9.0]","(3.0, 4.0]",TRATAMIENTO CORPORAL,27
"(8.0, 9.0]","(3.0, 4.0]",TRATAMIENTO FACIAL,12
"(8.0, 9.0]","(3.0, 4.0]",VARIOS,4
"(8.0, 9.0]","(4.0, 5.0]",ACCESORIOS COSMETICOS,0
"(8.0, 9.0]","(4.0, 5.0]",BIJOUTERIE,16
"(8.0, 9.0]","(4.0, 5.0]",COMPLEMENTOS,0
"(8.0, 9.0]","(4.0, 5.0]",CUIDADO PERSONAL,48
"(8.0, 9.0]","(4.0, 5.0]",FRAGANCIAS,43
"(8.0, 9.0]","(4.0, 5.0]",HOGAR,0
"(8.0, 9.0]","(4.0, 5.0]",LENTES,0
"(8.0, 9.0]","(4.0, 5.0]",MAQUILLAJE,41
"(8.0, 9.0]","(4.0, 5.0]",MUESTRAS COSMETICOS,3
"(8.0, 9.0]","(4.0, 5.0]",PROMOCION USUARIOS,0
"(8.0, 9.0]","(4.0, 5.0]",RELOJES,0
"(8.0, 9.0]","(4.0, 5.0]",TRATAMIENTO CORPORAL,4
"(8.0, 9.0]","(4.0, 5.0]",TRATAMIENTO FACIAL,0
"(8.0, 9.0]","(4.0, 5.0]",VARIOS,0
"(8.0, 9.0]","(5.0, 6.0]",ACCESORIOS COSMETICOS,0
"(8.0, 9.0]","(5.0, 6.0]",BIJOUTERIE,0
"(8.0, 9.0]","(5.0, 6.0]",COMPLEMENTOS,3
"(8.0, 9.0]","(5.0, 6.0]",CUIDADO PERSONAL,21
"(8.0, 9.0]","(5.0, 6.0]",FRAGANCIAS,38
"(8.0, 9.0]","(5.0, 6.0]",HOGAR,0
"(8.0, 9.0]","(5.0, 6.0]",LENTES,0
"(8.0, 9.0]","(5.0, 6.0]",MAQUILLAJE,22
"(8.0, 9.0]","(5.0, 6.0]",MUESTRAS COSMETICOS,4
"(8.0, 9.0]","(5.0, 6.0]",PROMOCION USUARIOS,0
"(8.0, 9.0]","(5.0, 6.0]",RELOJES,0
"(8.0, 9.0]","(5.0, 6.0]",TRATAMIENTO CORPORAL,3
"(8.0, 9.0]","(5.0, 6.0]",TRATAMIENTO FACIAL,3
"(8.0, 9.0]","(5.0, 6.0]",VARIOS,0
"(8.0, 9.0]","(6.0, 7.0]",ACCESORIOS COSMETICOS,0
"(8.0, 9.0]","(6.0, 7.0]",BIJOUTERIE,0
"(8.0, 9.0]","(6.0, 7.0]",COMPLEMENTOS,5
"(8.0, 9.0]","(6.0, 7.0]",CUIDADO PERSONAL,9
"(8.0, 9.0]","(6.0, 7.0]",FRAGANCIAS,7
"(8.0, 9.0]","(6.0, 7.0]",HOGAR,0
"(8.0, 9.0]","(6.0, 7.0]",LENTES,0
"(8.0, 9.0]","(6.0, 7.0]",MAQUILLAJE,12
"(8.0, 9.0]","(6.0, 7.0]",MUESTRAS COSMETICOS,0
"(8.0, 9.0]","(6.0, 7.0]",PROMOCION USUARIOS,4
"(8.0, 9.0]","(6.0, 7.0]",RELOJES,0
"(8.0, 9.0]","(6.0, 7.0]",TRATAMIENTO CORPORAL,0
"(8.0, 9.0]","(6.0, 7.0]",TRATAMIENTO FACIAL,0
"(8.0, 9.0]","(6.0, 7.0]",VARIOS,0
"(8.0, 9.0]","(7.0, 8.0]",ACCESORIOS COSMETICOS,0
"(8.0, 9.0]","(7.0, 8.0]",BIJOUTERIE,0
"(8.0, 9.0]","(7.0, 8.0]",COMPLEMENTOS,0
"(8.0, 9.0]","(7.0, 8.0]",CUIDADO PERSONAL,0
"(8.0, 9.0]","(7.0, 8.0]",FRAGANCIAS,0
"(8.0, 9.0]","(7.0, 8.0]",HOGAR,0
"(8.0, 9.0]","(7.0, 8.0]",LENTES,0
"(8.0, 9.0]","(7.0, 8.0]",MAQUILLAJE,5
"(8.0, 9.0]","(7.0, 8.0]",MUESTRAS COSMETICOS,4
"(8.0, 9.0]","(7.0, 8.0]",PROMOCION USUARIOS,0
"(8.0, 9.0]","(7.0, 8.0]",RELOJES,0
"(8.0, 9.0]","(7.0, 8.0]",TRATAMIENTO CORPORAL,0
"(8.0, 9.0]","(7.0, 8.0]",TRATAMIENTO FACIAL,0
"(8.0, 9.0]","(7.0, 8.0]",VARIOS,0
"(8.0, 9.0]","(8.0, 9.0]",ACCESORIOS COSMETICOS,0
"(8.0, 9.0]","(8.0, 9.0]",BIJOUTERIE,0
"(8.0, 9.0]","(8.0, 9.0]",COMPLEMENTOS,0
"(8.0, 9.0]","(8.0, 9.0]",CUIDADO PERSONAL,0
"(8.0, 9.0]","(8.0, 9.0]",FRAGANCIAS,3
"(8.0, 9.0]","(8.0, 9.0]",HOGAR,0
"(8.0, 9.0]","(8.0, 9.0]",LENTES,0
"(8.0, 9.0]","(8.0, 9.0]",MAQUILLAJE,4
"(8.0, 9.0]","(8.0, 9.0]",MUESTRAS COSMETICOS,0
"(8.0, 9.0]","(8.0, 9.0]",PROMOCION USUARIOS,0
"(8.0, 9.0]","(8.0, 9.0]",RELOJES,0
"(8.0, 9.0]","(8.0, 9.0]",TRATAMIENTO CORPORAL,0
"(8.0, 9.0]","(8.0, 9.0]",TRATAMIENTO FACIAL,0
"(8.0, 9.0]","(8.0, 9.0]",VARIOS,0
"(8.0, 9.0]","(9.0, 10.0]",ACCESORIOS COSMETICOS,0
"(8.0, 9.0]","(9.0, 10.0]",BIJOUTERIE,9
"(8.0, 9.0]","(9.0, 10.0]",COMPLEMENTOS,0
"(8.0, 9.0]","(9.0, 10.0]",CUIDADO PERSONAL,0
"(8.0, 9.0]","(9.0, 10.0]",FRAGANCIAS,0
"(8.0, 9.0]","(9.0, 10.0]",HOGAR,0
"(8.0, 9.0]","(9.0, 10.0]",LENTES,0
"(8.0, 9.0]","(9.0, 10.0]",MAQUILLAJE,3
"(8.0, 9.0]","(9.0, 10.0]",MUESTRAS COSMETICOS,0
"(8.0, 9.0]","(9.0, 10.0]",PROMOCION USUARIOS,0
"(8.0, 9.0]","(9.0, 10.0]",RELOJES,0
"(8.0, 9.0]","(9.0, 10.0]",TRATAMIENTO CORPORAL,0
"(8.0, 9.0]","(9.0, 10.0]",TRATAMIENTO FACIAL,0
"(8.0, 9.0]","(9.0, 10.0]",VARIOS,0
"(9.0, 10.0]","(-0.001, 1.0]",ACCESORIOS COSMETICOS,0
"(9.0, 10.0]","(-0.001, 1.0]",BIJOUTERIE,0
"(9.0, 10.0]","(-0.001, 1.0]",COMPLEMENTOS,0
"(9.0, 10.0]","(-0.001, 1.0]",CUIDADO PERSONAL,1
"(9.0, 10.0]","(-0.001, 1.0]",FRAGANCIAS,1
"(9.0, 10.0]","(-0.001, 1.0]",HOGAR,0
"(9.0, 10.0]","(-0.001, 1.0]",LENTES,0
"(9.0, 10.0]","(-0.001, 1.0]",MAQUILLAJE,2
"(9.0, 10.0]","(-0.001, 1.0]",MUESTRAS COSMETICOS,0
"(9.0, 10.0]","(-0.001, 1.0]",PROMOCION USUARIOS,0
"(9.0, 10.0]","(-0.001, 1.0]",RELOJES,0
"(9.0, 10.0]","(-0.001, 1.0]",TRATAMIENTO CORPORAL,0
"(9.0, 10.0]","(-0.001, 1.0]",TRATAMIENTO FACIAL,1
"(9.0, 10.0]","(-0.001, 1.0]",VARIOS,0
"(9.0, 10.0]","(1.0, 2.0]",ACCESORIOS COSMETICOS,7
"(9.0, 10.0]","(1.0, 2.0]",BIJOUTERIE,57
"(9.0, 10.0]","(1.0, 2.0]",COMPLEMENTOS,58
"(9.0, 10.0]","(1.0, 2.0]",CUIDADO PERSONAL,171
"(9.0, 10.0]","(1.0, 2.0]",FRAGANCIAS,254
"(9.0, 10.0]","(1.0, 2.0]",HOGAR,5
"(9.0, 10.0]","(1.0, 2.0]",LENTES,2
"(9.0, 10.0]","(1.0, 2.0]",MAQUILLAJE,252
"(9.0, 10.0]","(1.0, 2.0]",MUESTRAS COSMETICOS,5
"(9.0, 10.0]","(1.0, 2.0]",PROMOCION USUARIOS,7
"(9.0, 10.0]","(1.0, 2.0]",RELOJES,10
"(9.0, 10.0]","(1.0, 2.0]",TRATAMIENTO CORPORAL,29
"(9.0, 10.0]","(1.0, 2.0]",TRATAMIENTO FACIAL,34
"(9.0, 10.0]","(1.0, 2.0]",VARIOS,13
"(9.0, 10.0]","(2.0, 3.0]",ACCESORIOS COSMETICOS,4
"(9.0, 10.0]","(2.0, 3.0]",BIJOUTERIE,38
"(9.0, 10.0]","(2.0, 3.0]",COMPLEMENTOS,46
"(9.0, 10.0]","(2.0, 3.0]",CUIDADO PERSONAL,132
"(9.0, 10.0]","(2.0, 3.0]",FRAGANCIAS,131
"(9.0, 10.0]","(2.0, 3.0]",HOGAR,0
"(9.0, 10.0]","(2.0, 3.0]",LENTES,0
"(9.0, 10.0]","(2.0, 3.0]",MAQUILLAJE,141
"(9.0, 10.0]","(2.0, 3.0]",MUESTRAS COSMETICOS,1
"(9.0, 10.0]","(2.0, 3.0]",PROMOCION USUARIOS,12
"(9.0, 10.0]","(2.0, 3.0]",RELOJES,13
"(9.0, 10.0]","(2.0, 3.0]",TRATAMIENTO CORPORAL,24
"(9.0, 10.0]","(2.0, 3.0]",TRATAMIENTO FACIAL,33
"(9.0, 10.0]","(2.0, 3.0]",VARIOS,1
"(9.0, 10.0]","(3.0, 4.0]",ACCESORIOS COSMETICOS,0
"(9.0, 10.0]","(3.0, 4.0]",BIJOUTERIE,14
"(9.0, 10.0]","(3.0, 4.0]",COMPLEMENTOS,23
"(9.0, 10.0]","(3.0, 4.0]",CUIDADO PERSONAL,65
"(9.0, 10.0]","(3.0, 4.0]",FRAGANCIAS,87
"(9.0, 10.0]","(3.0, 4.0]",HOGAR,0
"(9.0, 10.0]","(3.0, 4.0]",LENTES,0
"(9.0, 10.0]","(3.0, 4.0]",MAQUILLAJE,67
"(9.0, 10.0]","(3.0, 4.0]",MUESTRAS COSMETICOS,6
"(9.0, 10.0]","(3.0, 4.0]",PROMOCION USUARIOS,2
"(9.0, 10.0]","(3.0, 4.0]",RELOJES,0
"(9.0, 10.0]","(3.0, 4.0]",TRATAMIENTO CORPORAL,17
"(9.0, 10.0]","(3.0, 4.0]",TRATAMIENTO FACIAL,11
"(9.0, 10.0]","(3.0, 4.0]",VARIOS,4
"(9.0, 10.0]","(4.0, 5.0]",ACCESORIOS COSMETICOS,0
"(9.0, 10.0]","(4.0, 5.0]",BIJOUTERIE,8
"(9.0, 10.0]","(4.0, 5.0]",COMPLEMENTOS,0
"(9.0, 10.0]","(4.0, 5.0]",CUIDADO PERSONAL,23
"(9.0, 10.0]","(4.0, 5.0]",FRAGANCIAS,27
"(9.0, 10.0]","(4.0, 5.0]",HOGAR,0
"(9.0, 10.0]","(4.0, 5.0]",LENTES,0
"(9.0, 10.0]","(4.0, 5.0]",MAQUILLAJE,27
"(9.0, 10.0]","(4.0, 5.0]",MUESTRAS COSMETICOS,1
"(9.0, 10.0]","(4.0, 5.0]",PROMOCION USUARIOS,0
"(9.0, 10.0]","(4.0, 5.0]",RELOJES,0
"(9.0, 10.0]","(4.0, 5.0]",TRATAMIENTO CORPORAL,2
"(9.0, 10.0]","(4.0, 5.0]",TRATAMIENTO FACIAL,0
"(9.0, 10.0]","(4.0, 5.0]",VARIOS,0
"(9.0, 10.0]","(5.0, 6.0]",ACCESORIOS COSMETICOS,0
"(9.0, 10.0]","(5.0, 6.0]",BIJOUTERIE,0
"(9.0, 10.0]","(5.0, 6.0]",COMPLEMENTOS,2
"(9.0, 10.0]","(5.0, 6.0]",CUIDADO PERSONAL,18
"(9.0, 10.0]","(5.0, 6.0]",FRAGANCIAS,29
"(9.0, 10.0]","(5.0, 6.0]",HOGAR,0
"(9.0, 10.0]","(5.0, 6.0]",LENTES,0
"(9.0, 10.0]","(5.0, 6.0]",MAQUILLAJE,22
"(9.0, 10.0]","(5.0, 6.0]",MUESTRAS COSMETICOS,2
"(9.0, 10.0]","(5.0, 6.0]",PROMOCION USUARIOS,0
"(9.0, 10.0]","(5.0, 6.0]",RELOJES,0
"(9.0, 10.0]","(5.0, 6.0]",TRATAMIENTO CORPORAL,4
"(9.0, 10.0]","(5.0, 6.0]",TRATAMIENTO FACIAL,4
"(9.0, 10.0]","(5.0, 6.0]",VARIOS,0
"(9.0, 10.0]","(6.0, 7.0]",ACCESORIOS COSMETICOS,0
"(9.0, 10.0]","(6.0, 7.0]",BIJOUTERIE,0
"(9.0, 10.0]","(6.0, 7.0]",COMPLEMENTOS,2
"(9.0, 10.0]","(6.0, 7.0]",CUIDADO PERSONAL,3
"(9.0, 10.0]","(6.0, 7.0]",FRAGANCIAS,6
"(9.0, 10.0]","(6.0, 7.0]",HOGAR,0
"(9.0, 10.0]","(6.0, 7.0]",LENTES,0
"(9.0, 10.0]","(6.0, 7.0]",MAQUILLAJE,12
"(9.0, 10.0]","(6.0, 7.0]",MUESTRAS COSMETICOS,0
"(9.0, 10.0]","(6.0, 7.0]",PROMOCION USUARIOS,4
"(9.0, 10.0]","(6.0, 7.0]",RELOJES,0
"(9.0, 10.0]","(6.0, 7.0]",TRATAMIENTO CORPORAL,0
"(9.0, 10.0]","(6.0, 7.0]",TRATAMIENTO FACIAL,0
"(9.0, 10.0]","(6.0, 7.0]",VARIOS,0
"(9.0, 10.0]","(7.0, 8.0]",ACCESORIOS COSMETICOS,0
"(9.0, 10.0]","(7.0, 8.0]",BIJOUTERIE,0
"(9.0, 10.0]","(7.0, 8.0]",COMPLEMENTOS,0
"(9.0, 10.0]","(7.0, 8.0]",CUIDADO PERSONAL,0
"(9.0, 10.0]","(7.0, 8.0]",FRAGANCIAS,0
"(9.0, 10.0]","(7.0, 8.0]",HOGAR,0
"(9.0, 10.0]","(7.0, 8.0]",LENTES,0
"(9.0, 10.0]","(7.0, 8.0]",MAQUILLAJE,5
"(9.0, 10.0]","(7.0, 8.0]",MUESTRAS COSMETICOS,4
"(9.0, 10.0]","(7.0, 8.0]",PROMOCION USUARIOS,0
"(9.0, 10.0]","(7.0, 8.0]",RELOJES,0
"(9.0, 10.0]","(7.0, 8.0]",TRATAMIENTO CORPORAL,0
"(9.0, 10.0]","(7.0, 8.0]",TRATAMIENTO FACIAL,0
"(9.0, 10.0]","(7.0, 8.0]",VARIOS,0
"(9.0, 10.0]","(8.0, 9.0]",ACCESORIOS COSMETICOS,0
"(9.0, 10.0]","(8.0, 9.0]",BIJOUTERIE,0
"(9.0, 10.0]","(8.0, 9.0]",COMPLEMENTOS,0
"(9.0, 10.0]","(8.0, 9.0]",CUIDADO PERSONAL,0
"(9.0, 10.0]","(8.0, 9.0]",FRAGANCIAS,3
"(9.0, 10.0]","(8.0, 9.0]",HOGAR,0
"(9.0, 10.0]","(8.0, 9.0]",LENTES,0
"(9.0, 10.0]","(8.0, 9.0]",MAQUILLAJE,4
"(9.0, 10.0]","(8.0, 9.0]",MUESTRAS COSMETICOS,0
"(9.0, 10.0]","(8.0, 9.0]",PROMOCION USUARIOS,0
"(9.0, 10.0]","(8.0, 9.0]",RELOJES,0
"(9.0, 10.0]","(8.0, 9.0]",TRATAMIENTO CORPORAL,0
"(9.0, 10.0]","(8.0, 9.0]",TRATAMIENTO FACIAL,0
"(9.0, 10.0]","(8.0, 9.0]",VARIOS,0
"(9.0, 10.0]","(9.0, 10.0]",ACCESORIOS COSMETICOS,0
"(9.0, 10.0]","(9.0, 10.0]",BIJOUTERIE,8
"(9.0, 10.0]","(9.0, 10.0]",COMPLEMENTOS,0
"(9.0, 10.0]","(9.0, 10.0]",CUIDADO PERSONAL,0
"(9.0, 10.0]","(9.0, 10.0]",FRAGANCIAS,0
"(9.0, 10.0]","(9.0, 10.0]",HOGAR,0
"(9.0, 10.0]","(9.0, 10.0]",LENTES,0
"(9.0, 10.0]","(9.0, 10.0]",MAQUILLAJE,4
"(9.0, 10.0]","(9.0, 10.0]",MUESTRAS COSMETICOS,0
"(9.0, 10.0]","(9.0, 10.0]",PROMOCION USUARIOS,0
"(9.0, 10.0]","(9.0, 10.0]",RELOJES,0
"(9.0, 10.0]","(9.0, 10.0]",TRATAMIENTO CORPORAL,0
"(9.0, 10.0]","(9.0, 10.0]",TRATAMIENTO FACIAL,0
"(9.0, 10.0]","(9.0, 10.0]",VARIOS,0
