CODEBELISTA,FECHAPROCESO,total_price
3441296,10/29/2024,19.9
3441296,10/31/2023,19.57
3441296,10/9/2024,29.9
3441296,11/19/2024,39.9
3441296,11/21/2023,16.34
3441296,12/11/2023,24.9
3441296,12/13/2024,16.9
3441296,12/27/2022,7.38
3441296,12/28/2023,14.9
3441296,2/15/2023,23.9
3441296,2/2/2024,0.9
3441296,2/23/2024,24.9
3441296,2/28/2023,15.9
3441296,2/7/2023,23.9
3441296,3/20/2024,44.9
3441296,4/11/2023,13.3
3441296,5/19/2023,35.9
3441296,6/10/2024,36.9
3441296,6/8/2023,17.9
3441296,7/23/2024,64.9
3441296,7/3/2024,16.9
3441296,7/4/2023,14.9
3441296,8/13/2024,10.08
3441296,8/15/2023,7.38
3441296,9/19/2024,10.0
3441296,9/2/2024,23.9
3441296,9/21/2023,26.9
3441296,9/5/2023,39.9
4623541,1/20/2023,24.5
4623541,12/27/2022,17.9
4623541,2/27/2023,19.9
4623541,2/6/2023,19.9
4623541,3/17/2023,19.9
4623541,4/28/2023,62.0
4623541,4/8/2023,69.9
4623541,5/26/2023,7.38
4623541,6/16/2023,25.9
4623541,7/10/2023,64.9
4623541,8/2/2023,22.9
8351554,1/18/2024,29.9
8351554,10/11/2024,11.9
8351554,11/21/2024,37.9
8351554,11/22/2024,14.9
8351554,11/23/2023,17.9
8351554,11/3/2023,7.38
8351554,11/5/2024,49.9
8351554,12/15/2023,19.9
8351554,12/2/2023,89.9
8351554,12/29/2023,79.9
8351554,2/29/2024,24.9
8351554,2/8/2024,30.9
8351554,3/21/2024,51.9
8351554,4/12/2024,24.9
8351554,5/2/2024,26.9
8351554,5/26/2023,35.9
8351554,5/27/2024,13.9
8351554,6/13/2024,29.9
8351554,6/19/2023,18.9
8351554,7/26/2023,24.9
8351554,7/26/2024,16.9
8351554,7/6/2023,38.9
8351554,8/17/2023,25.9
8351554,8/22/2024,19.9
8351554,9/10/2024,23.9
8351554,9/24/2024,59.9
8351554,9/25/2023,35.9
8351554,9/7/2023,9.9
8592470,10/25/2024,14.33
8592470,10/3/2024,17.9
8592470,11/18/2024,10.0
8592470,8/22/2024,20.11
8592470,8/9/2024,59.9
8592470,9/19/2024,22.9
9687599,10/3/2024,20.0
9687599,5/27/2024,1.5
9687599,6/12/2024,21.9
9687599,7/26/2024,4.98
9687599,7/8/2024,10.99
9687599,8/8/2024,20.0
9687599,9/19/2024,4.98
9687599,9/3/2024,8.9
10018668,4/18/2024,15.9
10018668,5/2/2024,100.0
10018668,5/23/2024,39.9
10018668,6/13/2024,100.0
10018668,7/25/2024,69.5
10018668,7/4/2024,36.5
10316898,10/14/2024,22.89
10316898,11/4/2024,17.9
10316898,4/15/2024,10.0
10316898,5/23/2024,25.9
10316898,5/3/2024,23.9
10316898,6/27/2024,79.9
10316898,6/6/2024,18.9
10316898,7/25/2024,31.9
10316898,7/3/2024,1.16
10316898,8/8/2024,44.9
10316898,9/25/2024,19.96
10316898,9/5/2024,34.9
10459362,1/30/2023,26.3
10459362,1/9/2023,24.39
10459362,12/16/2022,34.9
10576075,1/30/2023,38.39
10576075,1/9/2023,39.9
10576075,12/19/2022,24.95
10576075,2/20/2023,24.9
10576075,3/14/2023,36.9
10576075,4/24/2023,39.9
10576075,4/3/2023,78.9
10576075,5/15/2023,37.9
11044867,10/28/2024,34.32
11692060,1/16/2023,28.9
11692060,1/17/2023,51.9
11692060,1/20/2023,48.45
11692060,12/21/2022,64.95
11692060,2/27/2023,10.88
11692060,2/6/2023,19.9
11692060,3/20/2023,13.3
11692060,4/10/2023,52.9
11692060,4/11/2023,43.39
11692060,4/14/2023,59.9
11774652,10/28/2024,27.6
11774652,11/18/2024,7.38
11774652,8/23/2024,1.5
11774652,8/7/2024,59.9
11774652,9/10/2024,25.9
11774652,9/23/2024,27.44
11976964,1/30/2023,23.9
11976964,1/9/2023,17.9
11976964,12/19/2022,9.9
11976964,2/20/2023,36.9
11976964,3/13/2023,79.9
11976964,4/24/2023,7.38
11976964,4/3/2023,12.9
11976964,5/15/2023,9.89
11976964,6/2/2023,39.9
11976964,6/27/2023,14.9
11976964,7/17/2023,10.6
11976964,8/29/2023,9.9
11976964,8/8/2023,24.9
12221789,3/10/2023,66.63
12221789,3/17/2023,58.0
12221789,3/24/2023,29.25
12221789,3/27/2023,66.0
12221789,4/14/2023,7.38
12221789,4/17/2023,64.37
12221789,4/19/2023,70.0
12221789,4/28/2023,14.82
12221789,5/19/2023,20.0
12221789,5/2/2023,59.0
12221789,6/9/2023,18.9
12221789,7/10/2023,16.9
12221789,7/31/2023,22.0
12221789,8/25/2023,49.9
12221789,9/13/2023,14.97
12221789,9/25/2023,26.9
20312556,12/22/2022,21.9
21793760,1/19/2024,13.3
21793760,1/2/2024,19.9
21793760,10/17/2024,34.95
21793760,10/27/2023,7.38
21793760,11/17/2023,29.9
21793760,12/15/2023,15.9
21793760,12/7/2023,7.9
21793760,2/9/2024,39.9
21793760,3/1/2024,69.5
21793760,3/21/2024,15.9
21793760,4/12/2024,23.9
21793760,5/24/2024,32.9
21793760,5/3/2024,39.9
21793760,6/6/2024,13.9
21793760,7/25/2024,31.9
21793760,7/5/2024,23.9
21793760,8/21/2024,12.9
21793760,9/11/2024,54.9
21793760,9/26/2024,44.9
23240475,1/17/2024,34.9
23240475,10/11/2023,19.9
23240475,10/31/2023,26.0
23240475,11/22/2023,34.9
23240475,12/12/2023,39.9
23240475,2/28/2024,27.94
23240475,2/7/2024,36.9
23240475,6/11/2024,5.0
23240475,7/23/2024,49.9
23240475,7/3/2024,39.0
23240475,8/14/2024,34.9
23240475,9/18/2024,84.9
23240475,9/22/2023,44.9
23240475,9/3/2024,54.9
23240475,9/8/2023,59.9
24730247,2/13/2024,9.9
24730247,3/30/2024,23.9
24730247,3/4/2024,27.47
24730247,4/17/2024,16.9
24730247,5/10/2024,24.9
24730247,5/30/2024,62.9
26864194,1/15/2024,22.9
26864194,11/20/2023,18.9
26864194,12/12/2023,18.9
26864194,12/29/2023,13.9
26864194,2/29/2024,25.9
26864194,2/9/2024,43.9
26864194,3/19/2024,24.0
26864194,3/21/2024,32.9
26864194,4/10/2024,40.0
26864194,5/21/2024,29.53
26864194,5/6/2024,39.01
30185862,1/11/2023,18.9
30185862,1/31/2023,24.9
30185862,12/15/2022,79.0
30803868,1/24/2023,15.9
30803868,1/4/2023,19.9
30803868,2/28/2023,59.9
30803868,2/7/2023,18.39
30803868,3/23/2023,8.9
30803868,4/11/2023,17.9
30803868,5/2/2023,24.9
30803868,5/23/2023,24.9
30803868,6/12/2023,18.9
30803868,6/9/2023,0.82
30803868,7/10/2023,17.45
31344638,10/24/2024,36.51
31344638,10/9/2024,44.9
31344638,6/11/2024,40.0
31344638,6/27/2024,23.9
31344638,7/17/2024,17.45
31344638,8/28/2024,7.9
31344638,8/8/2024,25.9
31344638,9/19/2024,17.9
31826446,1/19/2023,7.38
31826446,12/21/2022,19.95
31826446,2/27/2023,12.17
31826446,2/7/2023,24.9
31826446,3/22/2023,5.1
31826446,4/14/2023,11.98
31826446,5/4/2023,39.9
32452310,5/2/2024,16.9
32452310,5/27/2024,23.9
32452310,6/20/2024,34.9
32452310,7/12/2024,7.38
32452310,8/1/2024,6.1
32452310,8/20/2024,44.9
32452310,9/3/2024,11.3
33090625,1/19/2023,19.34
33090625,2/13/2023,15.9
33090625,2/9/2023,54.9
33090625,3/21/2023,39.95
33090625,3/7/2023,7.38
33090625,5/2/2023,23.81
33090625,5/22/2023,15.9
33090625,6/30/2023,16.9
33090625,6/8/2023,19.9
33090625,7/22/2023,19.9
33090625,8/14/2023,49.9
33529260,1/15/2024,39.9
33529260,1/17/2023,13.9
33529260,10/27/2023,33.25
33529260,10/28/2024,25.9
33529260,10/7/2024,17.9
33529260,10/9/2023,34.9
33529260,11/18/2024,18.26
33529260,11/20/2023,17.9
33529260,12/19/2023,34.9
33529260,12/20/2023,13.9
33529260,12/28/2022,17.9
33529260,12/4/2023,14.97
33529260,2/26/2024,11.3
33529260,2/28/2023,47.9
33529260,2/5/2024,34.9
33529260,2/7/2023,1.4
33529260,3/18/2024,44.9
33529260,3/21/2023,12.4
33529260,4/11/2023,1.9
33529260,4/26/2024,24.95
33529260,4/8/2024,19.9
33529260,5/2/2023,42.9
33529260,5/20/2024,39.9
33529260,5/23/2023,18.95
33529260,6/10/2024,65.9
33529260,6/13/2023,25.12
33529260,7/1/2024,23.9
33529260,7/12/2023,14.62
33529260,7/19/2024,17.9
33529260,7/24/2023,17.9
33529260,7/3/2023,27.9
33529260,8/12/2024,44.9
33529260,8/14/2023,30.4
33529260,8/29/2024,23.9
33529260,9/16/2024,69.9
33529260,9/20/2023,29.9
33529260,9/5/2023,26.9
33740395,1/30/2024,50.0
33740395,10/28/2024,25.9
33740395,10/31/2023,23.32
33740395,10/4/2024,9.9
33740395,10/6/2023,17.5
33740395,11/14/2023,27.0
33740395,11/18/2024,59.9
33740395,12/21/2023,8.9
33740395,3/13/2024,7.63
33740395,4/23/2024,57.07
33740395,5/16/2024,20.2
33740395,6/10/2024,15.31
33740395,7/1/2024,16.9
33740395,7/17/2024,14.97
33740395,8/29/2024,23.9
33740395,8/7/2024,24.97
33740395,9/16/2024,19.96
33777957,1/12/2023,28.9
33777957,1/3/2023,19.9
33777957,12/22/2022,15.9
33777957,2/2/2023,38.9
33777957,2/24/2023,27.9
33777957,2/27/2023,29.5
33777957,3/16/2023,15.9
33777957,4/26/2023,29.9
33777957,4/5/2023,31.9
33777957,5/17/2023,90.0
33777957,6/28/2023,44.9
33777957,6/7/2023,15.9
33905173,1/10/2023,69.9
33905173,1/31/2023,44.9
33905173,12/17/2022,18.27
33905173,2/21/2023,44.9
33905173,3/14/2023,15.9
33905173,4/25/2023,34.9
33905173,4/4/2023,39.9
33905173,4/7/2023,10.0
33905173,5/16/2023,4.8
33905173,6/27/2023,14.9
33905173,6/3/2023,1.16
33905173,6/6/2023,45.33
33905173,7/18/2023,10.0
33905173,8/8/2023,21.9
33999992,10/5/2023,18.3
33999992,11/17/2023,17.98
33999992,11/3/2023,47.0
33999992,12/29/2023,49.9
33999992,12/9/2023,43.9
33999992,8/31/2023,39.9
33999992,9/1/2023,49.9
33999992,9/15/2023,14.9
34191115,1/17/2023,15.9
34191115,1/3/2023,19.95
34191115,2/13/2023,15.9
34191115,3/24/2023,18.17
34191115,3/27/2023,13.9
34191115,3/7/2023,54.9
34191115,4/20/2023,9.9
34216002,3/23/2023,49.9
34216002,4/13/2023,19.95
34216002,5/25/2023,29.9
34216002,5/4/2023,49.9
34216002,6/14/2023,20.9
34216002,7/20/2023,39.9
34216002,7/6/2023,19.5
34216002,8/17/2023,44.97
34216002,9/6/2023,54.9
34766592,10/17/2024,16.05
34766592,11/22/2024,11.9
34766592,11/5/2024,12.9
34766592,7/19/2024,25.0
34766592,8/20/2024,37.9
34766592,9/27/2024,44.9
34766592,9/9/2024,44.9
34978506,1/19/2023,18.9
34978506,1/4/2023,7.38
34978506,10/3/2024,1.3
34978506,2/9/2023,32.9
34978506,7/18/2024,11.76
34978506,7/9/2024,33.9
34978506,8/15/2024,25.9
34978506,8/29/2024,7.0
34978506,9/20/2024,22.9
35591273,10/9/2023,47.9
35591273,7/1/2023,14.9
35591273,7/24/2023,32.9
35591273,8/14/2023,51.9
35591273,9/19/2023,59.9
35591273,9/6/2023,59.9
35775838,10/21/2024,22.3
35775838,11/5/2024,13.3
35775838,12/10/2024,27.9
35775838,7/17/2024,52.49
35775838,7/30/2024,10.49
35775838,8/23/2024,46.9
35775838,9/10/2024,13.3
35775838,9/23/2024,13.3
36649356,1/17/2024,79.0
36649356,1/26/2023,79.0
36649356,1/6/2023,22.22
36649356,10/16/2023,42.9
36649356,11/27/2023,39.9
36649356,11/6/2023,19.9
36649356,12/12/2023,79.9
36649356,12/27/2023,31.9
36649356,2/15/2023,30.9
36649356,2/28/2024,89.0
36649356,2/7/2024,20.0
36649356,3/1/2023,19.96
36649356,3/19/2024,26.0
36649356,3/22/2023,43.9
36649356,4/10/2024,21.9
36649356,4/12/2023,39.9
36649356,5/24/2023,39.9
36649356,5/8/2023,26.9
36649356,6/14/2023,69.0
36649356,6/7/2023,8.81
36649356,7/25/2023,74.9
36649356,7/5/2023,14.9
36649356,8/16/2023,65.0
36649356,8/31/2023,31.9
36649356,9/22/2023,39.9
36888067,4/25/2024,59.9
36888067,5/23/2024,13.9
36888067,6/13/2024,16.0
36888067,7/25/2024,37.92
36888067,7/5/2024,11.5
36888067,8/16/2024,23.3
36949902,1/13/2023,16.9
36949902,12/19/2022,49.9
36949902,2/2/2023,19.95
36949902,2/22/2023,15.0
36949902,3/14/2023,18.9
36949902,4/26/2023,26.9
36949902,4/3/2023,29.9
36949902,5/22/2023,24.9
37789771,5/24/2023,31.0
37789771,6/8/2023,5.89
37789771,7/21/2023,29.9
37789771,7/3/2023,49.9
37789771,8/14/2023,39.9
37789771,9/12/2023,32.9
37789771,9/19/2023,24.9
38267000,1/4/2023,18.0
38304471,10/11/2024,19.9
38304471,10/30/2024,67.5
38304471,3/24/2023,14.98
38304471,3/3/2023,23.9
38304471,5/24/2023,32.9
38304471,5/5/2023,39.9
38304471,6/10/2024,46.9
38304471,6/28/2024,26.45
38304471,7/22/2024,18.9
38304471,8/13/2024,23.9
38304471,9/17/2024,44.9
38304471,9/2/2024,29.34
39061287,1/18/2024,59.9
39061287,1/25/2023,49.9
39061287,11/7/2023,66.9
39061287,12/13/2023,31.88
39061287,2/28/2024,41.9
39061287,2/8/2023,23.98
39061287,3/25/2024,8.9
39061287,4/12/2023,39.9
39061287,4/15/2024,29.9
39061287,5/24/2024,50.0
39061287,5/3/2024,22.84
39061287,5/31/2023,59.9
39061287,6/18/2024,16.97
39061287,6/20/2023,39.9
39061287,7/24/2023,94.9
39061287,7/9/2024,25.9
39061287,8/21/2023,19.9
39061287,9/13/2023,1.3
39061287,9/22/2023,30.0
39520125,4/24/2024,26.63
39520125,4/4/2024,25.0
39520125,5/16/2024,16.98
39520125,5/30/2024,24.9
39520125,6/20/2024,24.9
39520125,7/11/2024,18.96
39520125,8/1/2024,34.9
39520125,8/22/2024,25.0
39520125,9/16/2024,37.9
39523851,10/12/2023,47.9
39523851,10/28/2023,39.9
39523851,11/23/2023,22.9
39523851,6/13/2023,33.33
39523851,7/27/2023,25.9
39523851,7/6/2023,82.9
39523851,8/17/2023,26.88
39523851,9/21/2023,14.9
39523851,9/6/2023,30.9
39592525,1/17/2024,47.9
39592525,1/2/2023,23.03
39592525,1/20/2023,7.0
39592525,10/31/2023,12.9
39592525,10/9/2024,48.9
39592525,11/4/2024,12.5
39592525,12/14/2023,24.25
39592525,2/12/2024,15.9
39592525,2/9/2023,21.9
39592525,3/20/2024,7.38
39592525,3/23/2023,7.38
39592525,3/9/2023,99.0
39592525,4/18/2023,7.9
39592525,4/29/2024,37.9
39592525,5/24/2023,39.96
39592525,5/24/2024,34.9
39592525,6/12/2024,17.9
39592525,6/20/2023,14.9
39592525,7/23/2024,21.45
39592525,7/25/2023,15.9
39592525,7/3/2024,14.9
39592525,8/14/2024,24.95
39592525,9/18/2024,14.9
39592525,9/3/2024,16.9
39592525,9/7/2023,26.63
39625989,1/10/2023,7.63
39625989,1/31/2023,15.9
39625989,10/1/2024,18.34
39625989,10/21/2024,16.9
39625989,10/24/2023,1.65
39625989,10/3/2023,12.45
39625989,11/14/2023,22.9
39625989,11/3/2023,40.0
39625989,12/19/2023,54.9
39625989,12/21/2022,7.63
39625989,12/5/2023,13.9
39625989,2/20/2024,24.95
39625989,2/21/2023,102.0
39625989,3/12/2024,11.9
39625989,4/2/2024,65.0
39625989,4/23/2024,29.97
39625989,5/14/2024,54.9
39625989,5/7/2024,7.38
39625989,6/25/2024,18.9
39625989,6/4/2024,18.9
39625989,7/15/2024,7.38
39625989,7/24/2023,12.9
39625989,8/26/2024,30.0
39625989,8/27/2024,21.9
39625989,8/6/2024,13.9
39625989,8/8/2023,45.46
39625989,9/10/2024,11.65
39625989,9/13/2023,14.9
39625989,9/4/2023,24.95
39630249,1/13/2023,31.9
39630249,12/26/2022,27.92
39630249,2/6/2023,17.38
40307516,2/13/2023,24.9
40307516,3/1/2023,10.0
40307516,3/27/2023,14.5
40307516,4/18/2023,23.9
40307516,5/29/2023,25.84
40307516,5/8/2023,15.9
40307516,6/20/2023,35.9
40307516,7/10/2023,19.9
40764801,1/16/2023,62.9
40764801,1/2/2023,46.9
40764801,2/2/2023,17.47
40764801,2/22/2023,90.0
40764801,2/27/2023,58.08
40764801,3/16/2023,20.9
40764801,4/5/2023,18.16
40764801,5/4/2023,14.97
41059117,10/28/2024,19.49
41059117,10/7/2024,42.9
41059117,4/22/2024,39.9
41059117,4/25/2024,49.0
41059117,4/30/2024,24.5
41059117,5/22/2024,7.38
41059117,6/11/2024,9.9
41059117,7/2/2024,29.9
41059117,7/22/2024,17.9
41059117,8/12/2024,24.9
41059117,9/16/2024,10.0
41059117,9/3/2024,18.45
41317310,1/10/2023,29.9
41317310,1/31/2023,7.38
41317310,2/24/2023,39.9
41317310,3/15/2023,15.9
41317310,4/27/2023,7.38
41317310,4/5/2023,59.9
41317310,5/17/2023,13.9
41317310,6/30/2023,23.9
41317310,6/7/2023,63.52
41317310,7/20/2023,9.9
41317310,8/10/2023,28.3
41317310,9/1/2023,11.21
41317310,9/14/2023,7.38
42265901,1/31/2023,0.96
42265901,1/9/2023,14.95
42265901,12/17/2022,19.95
42265901,2/20/2023,9.9
42382701,1/19/2023,44.9
42382701,10/13/2023,29.9
42382701,11/27/2023,39.9
42382701,11/3/2023,8.45
42382701,11/6/2023,25.9
42382701,12/30/2022,14.0
42382701,2/23/2023,26.9
42382701,2/9/2023,1.5
42382701,3/23/2023,64.9
42382701,3/3/2023,21.9
42382701,4/17/2023,22.9
42382701,5/25/2023,24.9
42382701,5/4/2023,17.9
42382701,5/6/2023,20.9
42382701,6/19/2023,4.3
42382701,7/10/2023,11.9
42382701,7/31/2023,7.38
42382701,8/18/2023,34.9
42382701,8/19/2023,16.63
42382701,8/23/2023,24.9
42382701,9/25/2023,19.9
42382701,9/8/2023,3.44
42498750,1/23/2023,21.9
42498750,1/7/2023,5.36
42498750,2/18/2023,21.9
42567566,2/24/2023,10.0
42567566,2/3/2023,79.9
42567566,3/20/2023,85.71
42567566,4/28/2023,21.9
42567566,4/7/2023,79.9
42567566,5/29/2023,24.9
42567566,6/30/2023,15.9
42567566,6/8/2023,26.6
42670251,1/12/2024,43.9
42670251,1/17/2024,24.9
42670251,10/10/2023,39.9
42670251,10/30/2023,30.0
42670251,11/20/2023,8.9
42670251,12/26/2023,24.55
42670251,12/7/2023,43.9
42670251,2/2/2024,7.38
42670251,2/21/2023,13.9
42670251,2/26/2024,34.9
42670251,2/6/2023,14.95
42670251,3/15/2023,29.9
42670251,4/28/2023,8.9
42670251,4/7/2023,7.9
42670251,5/18/2023,24.95
42670251,5/4/2023,18.0
42670251,6/14/2023,14.95
42670251,7/1/2023,7.38
42670251,7/18/2023,24.95
42670251,8/14/2023,24.95
42670251,9/20/2023,82.9
42670251,9/4/2023,16.0
42759880,1/10/2023,5.1
42759880,1/31/2023,34.9
42759880,10/2/2023,47.0
42759880,10/23/2023,9.9
42759880,11/14/2023,22.9
42759880,12/20/2022,14.95
42759880,12/27/2022,29.9
42759880,12/8/2023,1.02
42759880,2/21/2023,19.9
42759880,3/14/2023,18.9
42759880,4/11/2023,13.3
42759880,4/25/2023,23.0
42759880,4/4/2023,13.3
42759880,5/17/2023,9.95
42759880,6/26/2023,16.63
42759880,6/5/2023,29.9
42759880,7/17/2023,14.95
42759880,8/28/2023,15.9
42759880,8/7/2023,49.9
42759880,9/12/2023,19.9
42829803,4/26/2024,40.17
42829803,4/5/2024,17.9
42829803,5/17/2024,8.67
42829803,6/28/2024,12.9
42829803,6/6/2024,22.9
42829803,7/17/2024,19.9
42829803,8/14/2024,16.9
42829803,8/29/2024,79.9
42829803,9/18/2024,25.9
42845353,10/15/2024,39.9
42845353,10/4/2024,22.53
42845353,2/22/2024,47.9
42845353,3/15/2024,7.38
42845353,4/24/2024,49.9
42845353,4/5/2024,24.23
42845353,5/14/2024,52.9
42845353,6/26/2024,24.9
42845353,6/5/2024,11.9
42845353,7/18/2024,35.9
42845353,8/30/2024,36.9
42845353,8/8/2024,24.9
42845353,9/12/2024,21.9
42858498,1/23/2023,18.9
42909386,2/17/2023,19.9
42909386,3/24/2023,5.1
42909386,3/3/2023,25.9
42909386,3/6/2023,25.9
42909386,4/14/2023,38.9
42909386,5/26/2023,11.9
42909386,5/9/2023,25.9
42909386,6/16/2023,59.9
42909386,7/10/2023,59.9
43063650,12/20/2022,39.9
43364677,10/10/2024,11.2
43364677,10/28/2024,39.9
43364677,11/18/2024,16.9
43364677,3/19/2024,19.9
43364677,4/29/2024,12.9
43364677,4/9/2024,17.9
43364677,5/20/2024,65.0
43364677,6/10/2024,11.9
43364677,7/1/2024,21.9
43364677,7/19/2024,44.9
43364677,8/12/2024,21.9
43364677,8/29/2024,41.51
43364677,9/16/2024,17.9
43767909,1/10/2023,1.24
43767909,1/31/2023,69.0
43767909,12/20/2022,19.95
44045680,1/12/2023,99.9
44045680,10/25/2023,74.9
44045680,10/5/2023,34.9
44045680,11/16/2023,20.9
44045680,12/11/2023,49.9
44045680,12/21/2023,9.9
44045680,12/22/2022,42.9
44045680,2/2/2023,21.9
44045680,2/23/2023,134.0
44045680,4/8/2023,36.9
44045680,5/24/2023,47.9
44045680,6/30/2023,23.9
44045680,7/21/2023,22.9
44045680,8/30/2023,15.07
44045680,8/9/2023,50.14
44045680,9/14/2023,23.9
44047470,1/11/2023,14.95
44047470,1/31/2023,74.0
44047470,2/20/2023,5.9
44047470,3/13/2023,12.9
44047470,4/25/2023,17.9
44047470,4/4/2023,6.51
44047470,5/17/2023,13.9
44047470,6/5/2023,59.9
44109905,12/27/2022,29.9
44109905,2/23/2023,35.9
44109905,2/9/2023,9.5
44109905,3/23/2023,27.9
44109905,4/13/2023,39.9
44109905,5/2/2024,32.9
44109905,5/23/2024,28.9
44109905,5/29/2023,46.9
44109905,5/5/2023,16.9
44109905,6/12/2024,13.9
44109905,7/10/2023,29.9
44109905,7/31/2024,49.9
44109905,7/8/2024,32.9
44109905,8/22/2024,14.9
44109905,8/4/2023,49.9
44196425,1/12/2024,47.9
44196425,1/16/2023,18.9
44196425,1/3/2023,13.9
44196425,10/10/2023,37.9
44196425,10/31/2023,26.0
44196425,11/20/2023,5.0
44196425,12/22/2023,27.9
44196425,12/7/2023,12.0
44196425,2/2/2024,9.98
44196425,2/28/2023,19.9
44196425,2/3/2023,57.0
44196425,3/27/2023,39.9
44196425,3/4/2024,59.9
44196425,4/14/2023,39.9
44196425,5/2/2023,50.9
44196425,8/14/2023,41.9
44196425,9/18/2023,40.9
44196425,9/8/2023,39.9
44242133,1/23/2023,34.9
44242133,1/3/2023,45.0
44242133,2/9/2023,24.9
44242133,3/2/2023,19.96
44371774,10/11/2024,36.44
44371774,11/7/2024,18.9
44371774,7/31/2024,41.9
44371774,7/5/2024,59.9
44371774,8/21/2024,27.0
44371774,9/10/2024,34.95
44371774,9/26/2024,1.0
44413795,1/17/2023,9.66
44413795,1/6/2023,23.9
44413795,2/2/2023,5.76
44413795,2/23/2023,59.9
44413795,3/16/2023,27.56
44413795,4/10/2023,22.9
44424029,3/21/2024,59.9
44424029,4/12/2024,33.3
44424029,5/27/2024,30.9
44424029,5/6/2024,7.38
44424029,6/14/2024,34.9
44424029,7/3/2024,59.0
44474727,10/28/2024,13.9
44474727,10/7/2024,12.9
44474727,11/18/2024,27.9
44474727,7/18/2024,14.9
44474727,8/28/2024,47.82
44474727,8/9/2024,24.9
44474727,9/12/2024,19.9
44479885,1/2/2023,16.54
44479885,1/24/2023,13.0
44479885,2/16/2023,45.9
44479885,3/11/2023,39.9
44479885,3/30/2023,7.38
44661489,1/18/2023,18.9
44661489,12/27/2022,75.0
44661489,2/8/2023,17.5
44661489,3/1/2023,34.9
44661489,3/7/2024,39.9
45325695,1/18/2024,16.4
45325695,10/10/2024,9.3
45325695,10/13/2023,24.9
45325695,11/2/2023,21.9
45325695,11/23/2023,59.9
45325695,11/6/2024,74.9
45325695,12/14/2023,24.44
45325695,12/28/2023,2.0
45325695,2/29/2024,7.38
45325695,2/8/2024,15.9
45325695,3/25/2024,7.38
45325695,4/11/2024,25.0
45325695,4/13/2023,8.79
45325695,5/2/2024,16.63
45325695,5/23/2024,32.9
45325695,5/25/2023,49.9
45325695,5/4/2023,32.9
45325695,6/12/2024,18.9
45325695,6/15/2023,18.45
45325695,7/23/2024,14.98
45325695,7/26/2023,5.1
45325695,7/4/2024,7.38
45325695,7/6/2023,12.47
45325695,8/17/2023,24.9
45325695,8/20/2024,11.9
45325695,8/4/2023,27.9
45325695,9/19/2024,36.0
45325695,9/21/2023,29.97
45325695,9/5/2024,74.9
45325695,9/6/2023,42.9
45494314,1/11/2024,11.74
45494314,1/13/2023,30.79
45494314,10/27/2023,39.9
45494314,10/4/2023,5.1
45494314,11/16/2023,22.9
45494314,12/22/2023,13.9
45494314,12/26/2022,82.9
45494314,12/5/2023,62.9
45494314,2/2/2024,28.28
45494314,2/24/2023,11.5
45494314,2/26/2024,79.9
45494314,2/6/2023,23.9
45494314,3/18/2024,49.9
45494314,3/20/2023,39.65
45494314,4/10/2023,29.0
45494314,5/2/2023,44.97
45494314,5/22/2023,29.38
45494314,6/9/2023,49.9
45494314,8/31/2023,74.9
45494314,8/9/2023,29.9
45494314,9/1/2023,19.9
45494314,9/14/2023,34.9
45579557,10/9/2024,8.99
45579557,11/4/2024,17.9
45579557,4/30/2024,34.9
45579557,5/22/2024,13.9
45579557,6/11/2024,11.47
45579557,7/19/2024,11.3
45579557,7/2/2024,40.0
45579557,8/13/2024,13.9
45579557,9/2/2024,52.9
45579557,9/23/2024,44.9
45680231,1/17/2023,26.9
45680231,2/28/2023,19.9
45680231,2/8/2023,18.9
45680231,3/20/2023,9.0
45680231,4/10/2023,79.9
45680231,5/22/2023,21.9
45680231,5/4/2023,22.9
45680231,6/12/2023,79.9
45697525,1/26/2023,14.9
45697525,1/6/2023,74.9
45697525,12/28/2022,74.9
45697525,2/15/2023,21.9
45697525,3/29/2023,12.5
45697525,3/7/2023,10.99
45697525,4/12/2023,10.99
45697525,5/10/2023,31.45
45697525,6/1/2023,12.9
45697525,6/12/2023,15.96
45869830,1/15/2024,28.9
45869830,1/16/2023,8.9
45869830,10/11/2023,9.9
45869830,10/9/2024,46.0
45869830,11/2/2023,29.9
45869830,11/22/2023,19.9
45869830,12/12/2023,44.9
45869830,2/28/2023,25.9
45869830,2/7/2023,19.9
45869830,2/7/2024,13.9
45869830,3/18/2024,13.9
45869830,3/21/2023,12.9
45869830,4/10/2023,29.9
45869830,4/12/2024,30.9
45869830,4/30/2024,47.9
45869830,5/2/2023,24.9
45869830,5/20/2024,24.95
45869830,5/23/2023,20.9
45869830,6/10/2024,20.9
45869830,6/14/2023,32.9
45869830,7/1/2024,21.9
45869830,7/12/2023,25.9
45869830,7/19/2024,21.9
45869830,7/4/2023,14.9
45869830,8/13/2024,74.9
45869830,8/17/2023,19.9
45869830,9/2/2024,43.9
45869830,9/20/2023,24.9
45869830,9/20/2024,27.9
45869830,9/5/2023,17.9
46016947,10/16/2023,9.95
46016947,10/31/2023,58.3
46016947,11/22/2023,13.5
46016947,5/2/2023,17.9
46016947,5/26/2023,18.9
46016947,6/15/2023,34.95
46016947,7/24/2023,27.0
46016947,7/6/2023,29.9
46016947,8/9/2023,50.14
46016947,9/1/2023,7.38
46016947,9/15/2023,49.9
46016947,9/2/2023,54.9
46114531,1/31/2023,24.9
46114531,1/9/2023,39.9
46114531,10/31/2023,79.68
46114531,10/9/2023,26.59
46114531,11/17/2023,45.0
46114531,12/12/2023,59.9
46114531,12/16/2022,25.9
46114531,2/21/2023,59.9
46114531,3/13/2023,34.9
46114531,4/3/2023,54.95
46114531,5/24/2023,74.9
46114531,6/2/2023,22.9
46114531,6/28/2023,16.9
46114531,7/17/2023,25.9
46114531,8/28/2023,30.0
46114531,8/8/2023,69.9
46114531,9/18/2023,32.9
46219902,1/27/2023,29.9
46219902,1/3/2023,94.9
46219902,2/13/2023,44.9
46219902,3/6/2023,44.9
46289234,5/17/2023,21.9
46289234,6/30/2023,39.9
46289234,6/8/2023,22.9
46289234,7/25/2023,5.3
46289234,8/14/2023,34.9
46289234,8/31/2023,14.9
46289234,9/15/2023,119.9
46359186,6/22/2023,30.17
46359186,7/26/2023,32.9
46359186,7/6/2023,30.9
46359186,8/11/2023,24.9
46359186,9/14/2023,44.29
46359186,9/25/2023,25.9
46359186,9/7/2023,28.44
46518039,1/24/2023,9.66
46518039,12/28/2022,61.9
46518039,2/28/2024,44.9
46518039,3/22/2024,44.9
46518039,4/11/2024,11.65
46518039,4/26/2024,10.0
46518039,5/22/2024,49.9
46518039,6/10/2024,7.38
46587790,1/13/2023,13.9
46587790,12/26/2022,16.54
46587790,2/24/2023,25.9
46587790,2/3/2023,16.89
46587790,3/20/2023,20.0
46587790,4/29/2023,42.9
46587790,4/7/2023,34.9
46587790,5/19/2023,11.82
46587790,6/8/2023,35.2
46587790,7/11/2023,25.9
46587790,7/24/2023,50.9
46587790,7/3/2023,32.45
46587790,8/5/2023,27.9
46611063,1/31/2023,6.9
46611063,2/22/2023,32.9
46611063,3/14/2023,18.9
46611063,4/25/2023,39.95
46611063,4/8/2023,16.9
46611063,5/16/2023,20.0
46611063,6/26/2023,43.9
46611063,6/5/2023,7.38
46611063,7/17/2023,39.9
46611063,8/29/2023,14.9
46611063,8/7/2023,44.9
46627121,1/17/2023,31.0
46627121,12/28/2022,7.38
46627121,2/7/2023,23.9
46669258,1/18/2023,9.9
46669258,12/26/2022,29.9
46669258,2/10/2023,13.18
46669258,2/27/2023,42.9
46779789,2/8/2023,0.85
46779789,3/2/2023,39.9
46779789,3/27/2023,20.9
46779789,4/12/2023,48.9
46779789,4/28/2023,17.9
46779789,5/23/2023,19.9
46779789,6/9/2023,28.46
46779789,7/21/2023,21.45
46779789,7/4/2023,49.9
46779789,8/15/2023,24.9
46941012,2/24/2023,13.9
46941012,2/6/2023,24.0
46941012,3/22/2023,15.9
46941012,4/17/2023,82.9
46941012,5/26/2023,29.9
46941012,5/8/2023,12.9
47097371,1/18/2023,25.9
47097371,12/23/2022,13.99
47097371,2/8/2023,24.9
47257492,1/30/2023,37.9
47257492,1/9/2023,7.9
47257492,12/19/2022,13.9
47257492,2/15/2023,16.9
47257492,3/15/2023,27.9
47257492,3/2/2023,13.3
47257492,4/5/2023,34.9
47257492,5/4/2023,12.9
47257492,9/20/2023,19.9
47266211,10/17/2024,20.0
47266211,11/4/2024,12.98
47266211,6/12/2024,13.9
47266211,6/28/2024,7.38
47266211,7/26/2024,13.9
47266211,8/16/2024,4.9
47266211,9/23/2024,13.84
47266211,9/4/2024,17.9
47383358,2/20/2023,46.9
47383358,3/13/2023,21.9
47383358,4/24/2023,41.0
47383358,4/3/2023,76.9
47383358,5/15/2023,25.9
47383358,6/12/2023,17.45
47412552,1/16/2023,17.9
47412552,10/26/2023,25.0
47412552,10/6/2023,29.9
47412552,11/20/2023,24.9
47412552,12/7/2023,16.9
47412552,2/24/2023,11.0
47412552,2/3/2023,16.9
47412552,3/20/2023,11.7
47412552,4/10/2023,22.9
47412552,5/2/2023,23.9
47412552,5/22/2023,7.38
47412552,6/30/2023,6.96
47412552,6/9/2023,12.31
47412552,7/19/2023,11.5
47412552,8/10/2023,44.9
47412552,8/31/2023,22.9
47412552,9/1/2023,19.9
47412552,9/15/2023,11.65
47430550,1/12/2023,15.9
47430550,1/18/2024,46.3
47430550,1/25/2023,203.0
47430550,10/12/2023,49.9
47430550,10/28/2023,34.9
47430550,11/23/2023,32.9
47430550,12/14/2023,1.17
47430550,12/28/2022,23.72
47430550,12/28/2023,13.99
47430550,2/29/2024,23.9
47430550,2/3/2023,203.0
47430550,2/8/2024,64.9
47430550,2/9/2023,29.9
47430550,3/2/2023,14.5
47430550,3/20/2024,25.9
47430550,3/23/2023,19.9
47430550,4/12/2024,26.9
47430550,4/13/2023,34.9
47430550,5/2/2024,51.9
47430550,5/23/2024,19.9
47430550,5/25/2023,23.9
47430550,5/4/2023,27.9
47430550,6/13/2024,16.9
47430550,6/14/2023,5.1
47430550,7/23/2024,16.9
47430550,7/26/2023,20.9
47430550,7/4/2024,14.9
47430550,7/6/2023,34.9
47430550,8/11/2023,24.9
47430550,9/22/2023,28.9
47430550,9/6/2023,44.02
47499070,1/20/2023,9.5
47499070,12/30/2022,79.9
47499070,2/10/2023,24.88
47499070,3/21/2024,21.9
47499070,3/27/2023,5.1
47499070,3/4/2024,20.0
47499070,3/8/2023,25.9
47499070,4/16/2024,69.9
47499070,4/17/2023,13.3
47499070,5/24/2024,12.56
47499070,5/29/2023,46.35
47499070,5/6/2024,10.0
47499070,5/8/2023,23.9
47499070,6/13/2023,5.1
47499070,6/13/2024,29.15
47499070,7/10/2023,9.2
47499070,7/30/2024,14.36
47499070,7/5/2024,15.0
47499070,8/19/2024,17.9
47499070,8/26/2023,5.1
47499070,9/25/2023,21.98
47499070,9/8/2023,16.6
47687314,10/10/2024,34.9
47687314,11/4/2024,30.0
47687314,5/27/2024,20.9
47687314,5/3/2024,14.9
47687314,6/14/2024,64.9
47687314,7/23/2024,14.36
47687314,7/5/2024,23.0
47687314,8/19/2024,34.95
47687314,9/20/2024,44.95
47687314,9/5/2024,26.9
47780152,10/14/2024,44.9
47780152,11/4/2024,33.0
47780152,5/23/2024,24.9
47780152,6/12/2024,33.9
47780152,7/2/2024,23.9
47780152,7/23/2024,11.8
47780152,8/14/2024,21.93
47780152,9/18/2024,69.0
47780152,9/4/2024,41.9
47880688,1/16/2024,47.95
47880688,1/26/2023,17.3
47880688,1/3/2024,74.75
47880688,10/30/2023,69.9
47880688,11/21/2023,15.0
47880688,12/15/2023,19.53
47880688,2/27/2024,29.9
47880688,2/6/2024,27.5
47880688,3/19/2024,44.32
47880688,4/30/2024,14.99
47880688,4/9/2024,17.37
47948835,1/10/2023,39.9
47948835,1/15/2024,7.38
47948835,1/17/2023,15.9
47948835,10/26/2023,30.0
47948835,10/9/2023,9.95
47948835,11/16/2023,5.84
47948835,12/20/2022,23.5
47948835,12/21/2023,79.9
47948835,12/5/2023,14.9
47948835,2/1/2023,29.96
47948835,2/21/2023,7.38
47948835,2/6/2024,7.38
47948835,3/14/2023,18.3
47948835,4/25/2023,7.38
47948835,4/5/2023,26.9
47948835,5/17/2023,13.9
47948835,5/20/2023,24.9
47948835,6/30/2023,19.9
47948835,6/5/2023,29.9
47948835,6/7/2023,23.9
47948835,7/17/2023,36.9
47948835,8/11/2023,8.95
47948835,9/1/2023,27.61
47948835,9/18/2023,19.0
48047378,1/23/2023,12.9
48047378,1/4/2023,17.9
48047378,2/13/2023,74.0
48047378,3/28/2023,18.9
48047378,3/6/2023,29.9
48047378,4/17/2023,22.9
48047378,5/11/2023,49.9
48047378,6/1/2023,7.38
48177719,1/17/2024,36.9
48177719,10/27/2023,11.5
48177719,11/20/2023,33.9
48177719,12/12/2023,13.9
48177719,12/28/2023,4.79
48177719,12/30/2022,43.9
48177719,2/28/2023,16.0
48177719,2/6/2023,16.44
48177719,2/6/2024,34.9
48177719,3/23/2023,11.6
48177719,4/28/2023,12.06
48177719,5/23/2023,4.9
48177719,6/12/2023,29.9
48177719,7/25/2023,26.9
48177719,9/4/2023,25.9
48212689,1/10/2023,16.64
48212689,1/30/2023,8.9
48212689,10/20/2023,4.68
48212689,10/3/2023,22.9
48212689,12/21/2022,13.99
48212689,2/27/2023,29.9
48212689,3/20/2023,21.9
48212689,4/25/2023,18.0
48212689,4/7/2023,7.38
48212689,5/16/2023,39.9
48212689,6/26/2023,12.9
48212689,7/18/2023,7.38
48212689,8/29/2023,17.47
48212689,8/7/2023,18.9
48212689,9/13/2023,7.9
48297765,1/13/2023,79.9
48297765,1/16/2024,14.9
48297765,10/30/2023,24.9
48297765,10/4/2023,24.95
48297765,11/20/2023,4.99
48297765,12/12/2023,90.0
48297765,12/26/2023,25.9
48297765,12/28/2022,21.9
48297765,12/7/2023,24.9
48297765,2/27/2023,19.9
48297765,2/3/2023,24.9
48297765,3/15/2024,21.9
48297765,3/20/2023,18.9
48297765,4/12/2023,12.62
48297765,4/8/2024,17.9
48297765,5/2/2023,37.0
48297765,6/1/2023,7.38
48297765,6/26/2024,39.9
48297765,6/3/2024,46.63
48297765,6/30/2023,17.47
48297765,7/15/2024,18.26
48297765,8/22/2024,20.11
48297765,8/24/2023,29.9
48297765,8/6/2024,20.9
48297765,9/11/2023,14.9
48297765,9/12/2024,21.98
48297765,9/30/2024,7.38
48341519,1/13/2023,13.9
48341519,1/22/2024,27.48
48341519,10/17/2023,10.81
48341519,11/24/2023,16.9
48341519,11/3/2023,34.9
48341519,12/15/2023,18.9
48341519,12/28/2022,18.45
48341519,2/6/2023,29.45
48341519,3/17/2023,14.98
48341519,3/3/2023,29.9
48341519,4/10/2023,15.9
48341519,5/26/2023,12.9
48341519,5/27/2024,43.9
48341519,5/5/2023,48.3
48341519,6/14/2024,24.9
48341519,6/9/2023,14.1
48341519,7/10/2023,16.9
48341519,7/30/2024,7.38
48341519,7/8/2024,13.9
48341519,8/18/2023,44.9
48341519,8/2/2023,20.1
48341519,8/23/2024,22.9
48341519,8/29/2024,9.59
48341519,9/11/2023,21.9
48341519,9/25/2023,7.9
48346014,1/19/2023,40.9
48346014,1/22/2024,23.9
48346014,1/26/2023,24.5
48346014,1/4/2024,9.9
48346014,10/16/2023,12.3
48346014,10/31/2023,62.9
48346014,11/2/2023,43.0
48346014,11/27/2023,11.0
48346014,11/29/2023,26.9
48346014,12/19/2023,17.9
48346014,12/26/2023,21.9
48346014,12/28/2022,39.9
48346014,12/30/2022,17.9
48346014,12/4/2023,49.0
48346014,2/11/2023,1.16
48346014,2/14/2023,66.9
48346014,2/17/2023,11.39
48346014,2/9/2023,11.39
48346014,2/9/2024,32.53
48346014,3/2/2023,13.9
48346014,3/24/2023,43.9
48346014,3/31/2023,24.9
48346014,4/13/2023,49.9
48346014,5/19/2023,52.9
48346014,5/27/2023,1.16
48346014,5/29/2023,32.59
48346014,5/4/2023,15.9
48346014,5/6/2023,35.1
48346014,6/16/2023,11.98
48346014,7/10/2023,14.9
48346014,7/12/2023,47.98
48346014,7/27/2023,15.9
48346014,7/31/2023,21.9
48346014,8/11/2023,24.98
48346014,8/14/2023,13.9
48346014,9/11/2023,74.95
48346014,9/26/2023,32.9
48372104,12/19/2022,22.18
48433154,1/22/2024,22.9
48433154,1/23/2023,18.9
48433154,1/3/2024,13.9
48433154,10/11/2024,14.9
48433154,10/20/2023,25.9
48433154,10/31/2024,21.41
48433154,11/27/2023,39.9
48433154,11/7/2023,19.9
48433154,12/15/2023,1.0
48433154,12/30/2022,61.9
48433154,2/10/2023,27.5
48433154,2/9/2024,23.9
48433154,3/21/2024,15.6
48433154,3/24/2023,65.25
48433154,3/4/2024,170.0
48433154,3/6/2023,7.6
48433154,4/12/2024,21.31
48433154,4/14/2023,39.9
48433154,5/26/2023,14.97
48433154,5/27/2024,5.4
48433154,5/5/2023,11.9
48433154,5/6/2024,39.9
48433154,6/12/2024,36.9
48433154,6/19/2023,15.9
48433154,7/21/2023,30.9
48433154,7/30/2024,74.9
48433154,7/5/2024,11.45
48433154,7/7/2023,26.53
48433154,8/20/2024,15.3
48433154,8/24/2023,69.9
48433154,9/10/2024,17.96
48433154,9/11/2023,16.2
48433154,9/27/2024,32.0
48605184,1/18/2024,13.95
48605184,10/13/2023,15.9
48605184,10/14/2024,21.9
48605184,11/2/2023,24.9
48605184,11/23/2023,29.49
48605184,12/28/2023,54.27
48605184,12/6/2023,16.63
48605184,2/8/2024,42.23
48605184,3/1/2024,16.9
48605184,3/22/2024,7.6
48605184,4/11/2024,7.6
48605184,5/24/2024,24.9
48605184,5/3/2024,14.9
48605184,6/17/2024,10.9
48605184,7/11/2024,30.9
48605184,7/31/2024,35.0
48605184,8/22/2024,17.9
48605184,9/26/2024,17.95
48605184,9/9/2024,31.9
48655904,1/12/2023,29.9
48655904,12/22/2022,39.9
48658954,1/26/2023,28.8
48658954,1/4/2023,7.38
48658954,2/13/2023,16.34
48674135,1/17/2023,18.9
48674135,12/27/2022,31.9
48674135,2/28/2023,31.9
48674135,2/7/2023,46.9
48765629,1/11/2023,13.3
48765629,1/30/2023,27.47
48765629,10/10/2023,37.9
48765629,10/11/2023,37.9
48765629,10/13/2023,13.9
48765629,12/15/2022,17.99
48765629,2/22/2023,59.9
48765629,5/17/2023,9.95
48765629,5/4/2023,43.9
48765629,6/6/2023,11.65
48765629,7/1/2023,7.38
48765629,7/18/2023,20.9
48765629,8/28/2023,12.3
48765629,8/7/2023,9.99
48765629,9/12/2023,36.9
48823106,1/23/2023,31.9
48823106,12/27/2022,44.96
48823106,2/27/2023,11.65
48823106,2/7/2023,31.24
48823106,3/16/2023,4.5
48855490,1/11/2023,13.9
48855490,1/30/2023,13.54
48855490,1/9/2023,5.1
48855490,12/15/2022,20.68
48893864,1/19/2023,15.9
48893864,1/5/2023,64.95
48893864,2/9/2023,16.0
48893864,3/2/2023,7.38
48904033,10/25/2024,34.5
48904033,10/4/2024,10.07
48904033,11/12/2024,38.9
48904033,11/21/2024,22.45
48904033,7/24/2024,59.9
48904033,8/2/2024,16.9
48904033,8/23/2024,9.9
48904033,9/17/2024,19.99
48950426,1/27/2023,29.9
48950426,1/3/2023,16.1
48950426,3/9/2023,11.0
49075782,1/23/2023,13.5
49075782,12/26/2022,82.59
49086741,1/18/2023,29.9
49086741,12/23/2022,5.36
49086741,2/8/2023,66.9
49086741,3/1/2023,13.9
49086741,3/30/2023,44.97
49086741,4/12/2023,11.98
49086741,5/24/2023,69.9
49086741,5/3/2023,7.38
49103301,10/16/2023,64.9
49103301,10/27/2023,15.9
49103301,11/23/2023,30.9
49103301,7/20/2023,14.95
49103301,8/11/2023,8.71
49103301,9/1/2023,75.6
49103301,9/22/2023,19.9
49206860,1/9/2023,64.9
49206860,12/22/2022,18.42
49206860,2/1/2023,44.66
49206860,2/21/2023,11.98
49222114,12/14/2022,8.9
49330626,1/23/2023,18.52
49330626,1/4/2023,24.9
49330626,2/13/2023,14.8
49330626,3/27/2023,18.9
49330626,3/7/2023,29.9
49330626,4/17/2023,4.83
49330626,5/5/2023,18.3
49377649,1/17/2023,23.9
49377649,12/30/2022,13.0
49389949,1/12/2023,66.9
49389949,12/22/2022,7.38
49389949,2/2/2023,7.38
49389949,2/23/2023,100.0
49389949,3/16/2023,49.9
49389949,4/26/2023,34.9
49389949,4/5/2023,23.9
49389949,5/17/2023,7.38
49389949,5/4/2023,17.9
49389949,6/7/2023,7.63
49397003,1/18/2023,27.5
49397003,1/2/2023,20.9
49397003,2/8/2023,66.9
49397003,3/1/2023,19.9
49397003,3/2/2023,21.98
49397003,3/22/2023,51.9
49401760,10/11/2023,39.9
49401760,10/28/2023,13.82
49401760,11/23/2023,25.0
49401760,12/12/2023,36.9
49401760,12/27/2022,17.4
49401760,2/28/2023,13.3
49401760,2/7/2023,12.3
49401760,3/22/2023,21.9
49401760,4/12/2023,12.9
49401760,4/29/2023,1.9
49401760,5/25/2023,10.75
49401760,9/25/2023,4.99
49401760,9/7/2023,14.9
49434669,1/23/2023,25.9
49434669,1/28/2023,42.0
49434669,1/3/2023,17.9
49434669,12/12/2022,12.9
49434669,2/13/2023,44.96
49434669,3/27/2023,14.98
49434669,3/8/2023,18.9
49470762,1/30/2023,15.9
49470762,1/9/2023,39.9
49470762,10/2/2023,25.0
49470762,10/23/2023,42.9
49470762,11/16/2023,17.9
49470762,12/19/2022,39.9
49470762,12/21/2023,7.63
49470762,12/4/2023,10.0
49470762,2/21/2023,49.9
49470762,3/13/2023,17.9
49470762,4/24/2023,17.9
49470762,4/3/2023,34.9
49470762,5/15/2023,12.9
49470762,6/26/2023,79.9
49470762,6/5/2023,27.9
49470762,8/28/2023,27.53
49470762,8/3/2023,29.9
49470762,9/11/2023,59.9
49506570,1/26/2023,8.9
49506570,2/18/2023,13.9
49506570,3/2/2023,30.0
49506570,3/23/2023,30.9
49506570,3/8/2023,114.0
49506570,4/13/2023,58.0
49506570,5/31/2023,30.9
49506570,6/15/2023,19.5
49506570,7/26/2023,20.9
49506570,7/6/2023,6.9
49506570,8/17/2023,17.9
49506570,9/22/2023,14.9
49506570,9/6/2023,17.9
49517033,12/26/2022,25.9
49521464,1/6/2023,29.9
49521464,2/8/2023,29.9
49521464,3/28/2023,27.0
49521464,5/22/2024,59.9
49521464,6/6/2024,11.65
49521464,7/1/2024,16.45
49521464,7/24/2024,14.97
49521464,8/14/2024,13.98
49521464,8/21/2024,26.21
49561199,1/16/2023,39.9
49561199,12/22/2022,4.95
49566263,1/16/2023,39.9
49566263,2/1/2023,31.24
49566263,2/23/2023,23.87
49566263,3/17/2023,24.9
49566263,4/28/2023,15.9
49566263,4/4/2023,25.81
49566263,5/24/2023,25.9
49566263,6/14/2023,8.9
49566263,7/4/2023,22.9
49583834,1/23/2023,69.9
49583834,12/28/2022,31.9
49588232,1/17/2023,34.0
49588232,1/31/2024,59.58
49588232,10/11/2023,9.95
49588232,10/28/2023,45.0
49588232,11/24/2023,17.9
49588232,11/27/2023,52.9
49588232,12/12/2023,25.99
49588232,12/15/2023,25.99
49588232,12/28/2022,13.9
49588232,2/28/2023,13.7
49588232,2/6/2023,18.9
49588232,3/22/2023,18.9
49588232,4/18/2023,31.9
49588232,5/24/2023,32.0
49588232,5/4/2023,14.98
49588232,6/12/2023,18.45
49588232,7/26/2023,27.9
49588232,7/4/2023,14.9
49588232,8/14/2023,39.9
49588232,9/2/2023,14.97
49588232,9/20/2023,11.65
49599102,1/13/2023,29.9
49599102,12/22/2022,24.9
49599102,2/24/2023,64.0
49599102,2/3/2023,66.9
49599102,3/17/2023,18.9
49599102,4/10/2023,39.9
49599102,5/19/2023,13.3
49599102,5/5/2023,29.9
49621434,1/16/2023,34.9
49621434,12/26/2022,79.9
49621434,2/9/2023,17.36
49642350,1/19/2023,18.9
49642350,12/29/2022,21.9
49642350,2/13/2023,16.9
49642350,3/2/2023,17.45
49642350,3/23/2023,16.5
49642350,4/14/2023,22.9
49642350,5/5/2023,17.2
49642350,6/2/2023,43.9
49657315,1/12/2023,29.9
49657315,12/21/2022,24.01
49657315,2/1/2023,44.9
49657315,2/21/2023,13.3
49657315,2/23/2023,25.9
49657315,3/15/2023,28.9
49657315,4/28/2023,13.9
49657315,4/4/2023,26.9
49657315,5/6/2023,13.9
49691823,3/19/2024,10.0
49691823,4/25/2024,44.9
49691823,4/5/2024,0.1
49691823,5/17/2024,16.9
49691823,6/28/2024,24.9
49691823,6/6/2024,20.95
49691823,7/18/2024,16.9
49703155,1/17/2024,43.9
49703155,12/21/2023,43.9
49703155,3/22/2023,54.9
49703155,4/12/2023,24.9
49703155,5/25/2023,23.9
49703155,5/3/2023,24.9
49703155,6/15/2023,41.9
49703155,7/26/2023,21.0
49703155,7/7/2023,22.9
49703155,8/16/2023,9.9
49703155,9/11/2023,27.9
49703155,9/26/2023,43.9
49705387,1/17/2023,19.54
49705387,12/26/2022,39.9
49705387,2/7/2023,4.0
49705387,3/27/2023,13.65
49705387,3/6/2023,23.73
49705387,4/14/2023,49.9
49705387,5/8/2023,14.9
49711530,1/25/2024,31.9
49711530,11/23/2023,0.94
49711530,12/12/2023,7.11
49711530,12/27/2023,22.9
49711530,2/14/2024,27.5
49711530,3/5/2024,35.75
49728603,1/11/2024,19.9
49728603,1/12/2023,14.95
49728603,10/25/2023,54.9
49728603,10/4/2023,24.9
49728603,11/16/2023,1.27
49728603,12/21/2023,22.9
49728603,12/22/2022,56.0
49728603,12/5/2023,49.9
49728603,2/1/2024,17.9
49728603,2/2/2023,66.9
49728603,2/22/2024,19.38
49728603,2/23/2023,9.9
49728603,3/16/2023,8.5
49728603,4/26/2023,29.9
49728603,4/5/2023,0.42
49728603,5/17/2023,29.9
49728603,6/28/2023,14.9
49728603,6/7/2023,1.4
49728603,7/19/2023,14.56
49728603,8/29/2023,31.9
49728603,8/9/2023,13.9
49728603,9/14/2023,21.9
49740433,1/11/2023,15.9
49740433,1/31/2023,25.42
49740433,12/19/2022,19.9
49740433,2/24/2023,19.9
49740433,3/14/2023,49.9
49740433,4/5/2023,13.9
49740433,5/2/2023,35.9
49740433,5/24/2023,12.9
49740433,6/27/2023,62.9
49740433,6/9/2023,52.37
49746229,12/19/2022,19.95
49754906,1/17/2023,7.38
49754906,1/2/2023,16.54
49754906,1/3/2024,13.9
49754906,10/16/2023,44.96
49754906,10/7/2024,21.9
49754906,11/27/2023,18.14
49754906,11/4/2024,50.0
49754906,11/6/2023,17.9
49754906,12/11/2023,14.9
49754906,12/13/2023,26.9
49754906,2/13/2023,5.29
49754906,3/3/2023,44.9
49754906,4/2/2024,17.9
49754906,4/22/2024,15.63
49754906,5/24/2024,18.9
49754906,6/10/2024,18.45
49754906,6/13/2023,8.27
49754906,7/24/2024,62.9
49754906,7/25/2023,16.63
49754906,7/3/2023,29.9
49754906,7/3/2024,9.9
49754906,8/15/2024,41.9
49754906,8/8/2023,16.9
49754906,9/13/2023,17.95
49754906,9/17/2024,61.9
49754906,9/20/2023,48.0
49754906,9/23/2023,9.98
49754906,9/3/2024,54.0
49765991,12/26/2022,22.18
49769725,1/5/2023,37.9
49794401,1/16/2023,17.9
49794401,12/21/2022,39.9
49794401,2/6/2023,15.9
49794401,3/1/2023,16.9
49794657,1/20/2023,14.0
49794657,12/22/2022,39.9
49814240,1/16/2023,12.9
49814240,12/26/2022,23.9
49814240,2/6/2023,22.9
49814240,4/19/2023,21.45
49819226,3/17/2023,19.9
49819226,4/26/2023,7.38
49819226,4/5/2023,11.98
49819226,5/18/2023,14.95
49819226,6/28/2023,29.9
49819226,6/8/2023,17.45
49857217,1/19/2023,19.9
49857217,1/3/2023,18.9
49864310,1/20/2023,16.9
49864310,12/30/2022,24.9
49864310,2/13/2023,39.9
49864310,3/3/2023,36.9
49864310,4/1/2023,3.9
49864310,4/22/2023,25.9
49864469,1/17/2023,12.9
49864469,12/26/2022,14.95
49864469,2/2/2023,52.9
49864469,2/23/2023,49.9
49864469,3/16/2023,51.9
49864469,4/5/2023,34.9
49877986,1/11/2023,49.9
49877986,1/23/2023,114.9
49877986,10/16/2023,16.6
49877986,11/6/2023,27.9
49877986,12/12/2022,1.9
49877986,2/13/2023,47.9
49877986,3/27/2023,26.9
49877986,3/6/2023,24.9
49877986,5/29/2023,17.45
49877986,5/8/2023,16.5
49877986,6/19/2023,22.45
49877986,7/10/2023,11.65
49877986,8/1/2023,13.9
49877986,8/21/2023,12.3
49877986,9/25/2023,27.9
49877986,9/4/2023,85.0
49885083,1/18/2023,24.5
49885083,12/23/2022,18.42
49885083,2/7/2023,25.9
49931050,1/23/2023,29.9
49931050,12/29/2022,21.9
49931050,2/9/2023,31.23
49931050,3/2/2023,39.9
49931050,3/27/2023,22.9
49931050,4/17/2023,54.9
49931050,5/12/2023,54.9
49931492,1/10/2023,32.8
49931492,1/31/2023,5.29
49931492,12/20/2022,52.9
49961014,1/13/2023,30.9
49961014,1/19/2024,10.48
49961014,10/27/2023,31.51
49961014,10/5/2023,11.5
49961014,11/20/2023,18.3
49961014,12/15/2023,13.9
49961014,12/22/2022,34.9
49961014,12/27/2022,50.9
49961014,12/29/2023,33.17
49961014,2/24/2023,9.9
49961014,2/3/2023,39.9
49961014,3/17/2023,20.9
49961014,4/27/2023,24.9
49961014,4/8/2023,7.38
49961014,5/19/2023,44.96
49961014,5/3/2023,37.9
49961014,6/9/2023,7.38
49961014,7/1/2023,22.45
49961014,7/18/2023,10.81
49961014,7/19/2023,14.97
49961014,8/11/2023,32.0
49961014,8/31/2023,54.9
49961014,9/15/2023,28.9
49968221,1/20/2023,11.9
49968221,12/27/2022,14.9
49968221,2/10/2023,36.9
49968221,3/24/2023,3.3
49968221,3/3/2023,3.3
49968221,4/14/2023,39.9
49968221,5/26/2023,18.9
49968221,5/5/2023,16.9
49975686,1/12/2023,42.9
49975686,1/25/2023,25.9
49975686,1/3/2023,18.45
49975686,12/29/2022,44.9
49975686,2/13/2023,32.9
49975686,2/2/2023,43.9
49975686,2/21/2023,12.72
49975686,3/9/2023,29.9
50014223,1/17/2023,10.5
50014223,1/3/2023,12.5
50014223,2/9/2023,7.5
50014223,3/9/2023,14.9
50015882,1/13/2023,39.9
50015882,12/20/2022,109.9
50015882,5/15/2023,19.95
50015882,6/26/2023,30.94
50015882,6/8/2023,44.44
50015882,7/19/2023,49.9
50015882,8/31/2023,83.84
50015882,8/8/2023,15.9
50015882,9/12/2023,24.9
50034054,1/13/2023,20.02
50034054,12/27/2022,28.73
50034054,2/24/2023,16.98
50034054,2/3/2023,27.3
50034054,3/20/2023,46.53
50034054,4/11/2023,25.0
50034054,5/3/2023,57.0
50051617,1/20/2023,49.9
50051617,1/4/2023,30.9
50051617,2/10/2023,7.38
50051617,3/2/2023,22.9
50051617,3/24/2023,84.9
50052273,1/12/2023,16.9
50052273,1/19/2023,21.9
50052273,1/7/2023,27.96
50052273,2/9/2023,15.0
50052273,3/2/2023,47.9
50086135,1/10/2023,39.9
50086135,12/17/2022,7.38
50086135,2/1/2023,16.0
50086135,2/23/2023,22.9
50086135,3/24/2023,32.9
50147800,1/18/2023,38.35
50147800,1/2/2023,19.9
50147800,2/8/2023,62.0
50147800,3/1/2023,90.0
50147800,3/22/2023,22.9
50147800,4/19/2023,24.9
50156648,1/23/2023,74.5
50156648,12/28/2022,5.23
50156648,2/13/2023,14.9
50156648,3/1/2023,39.9
50156648,3/28/2023,15.9
50156648,4/12/2023,26.9
50172864,1/10/2023,23.8
50172864,1/31/2023,16.0
50172864,2/21/2023,10.52
50172864,3/14/2023,27.9
50172864,4/4/2023,39.9
50172864,5/25/2023,24.9
50172864,5/3/2023,26.0
50224287,1/18/2023,54.9
50224287,2/27/2023,28.72
50224287,2/7/2023,14.8
50224287,3/21/2023,7.38
50224287,4/14/2023,33.74
50224287,5/5/2023,36.19
50291766,2/10/2023,21.9
50291766,2/27/2023,7.63
50291766,5/26/2023,19.95
50291766,6/16/2023,20.0
50291766,7/7/2023,19.9
50291766,8/26/2023,69.72
50291766,8/5/2023,29.9
50291766,9/5/2023,40.58
50302369,2/23/2023,10.73
50302369,2/9/2023,0.77
50302369,3/20/2023,13.06
50302369,4/10/2023,12.9
50302369,5/18/2023,12.9
50302369,5/3/2023,2.98
50302369,6/13/2023,24.9
50302369,6/14/2023,24.9
50310043,2/8/2023,11.9
50310043,3/20/2023,19.95
50310043,3/6/2023,23.9
50310043,4/10/2023,31.0
50310043,5/3/2023,35.9
50310043,5/31/2023,23.9
50349691,2/28/2023,35.9
50349691,3/21/2023,18.9
50349691,4/13/2023,14.9
50349691,5/23/2023,32.0
50349691,5/4/2023,17.45
50349691,6/13/2023,19.9
50349691,7/22/2023,7.63
50349691,7/4/2023,23.9
50349691,8/16/2023,24.9
50349691,9/19/2023,28.01
50349691,9/5/2023,26.9
50366901,10/16/2023,6.03
50366901,2/27/2023,4.83
50366901,3/31/2023,15.95
50366901,4/14/2023,25.5
50366901,5/18/2023,33.9
50366901,6/28/2023,22.9
50366901,7/26/2023,99.9
50366901,8/17/2023,24.95
50366901,8/31/2023,29.9
50366901,9/1/2023,1.9
50366901,9/25/2023,9.9
50368645,1/31/2024,16.98
50368645,10/11/2023,1.9
50368645,10/14/2024,20.97
50368645,10/31/2023,15.9
50368645,10/31/2024,21.95
50368645,11/22/2023,10.8
50368645,12/13/2023,16.9
50368645,12/18/2024,38.61
50368645,12/29/2023,15.9
50368645,3/1/2023,74.9
50368645,3/19/2024,16.9
50368645,3/22/2023,12.9
50368645,4/12/2023,19.95
50368645,4/15/2024,11.82
50368645,4/30/2024,23.9
50368645,5/22/2024,4.98
50368645,5/24/2023,25.9
50368645,5/3/2023,16.9
50368645,6/11/2024,16.98
50368645,6/14/2023,49.9
50368645,7/23/2024,17.47
50368645,7/25/2023,49.9
50368645,7/3/2024,20.0
50368645,7/6/2023,5.1
50368645,8/14/2024,15.3
50368645,8/16/2023,37.9
50368645,9/18/2024,23.9
50368645,9/20/2023,14.9
50368645,9/4/2024,32.45
50368645,9/6/2023,19.9
50387488,3/27/2023,17.9
50387488,3/3/2023,23.58
50387488,4/17/2023,14.9
50387488,5/10/2023,32.9
50387488,5/29/2023,59.9
50387488,6/21/2023,18.9
50387488,7/10/2023,49.9
50391108,2/28/2023,49.9
50391108,3/21/2023,13.3
50391108,4/13/2023,39.9
50391108,5/29/2023,44.9
50391108,5/4/2023,17.9
50391108,6/19/2023,10.9
50391108,7/10/2023,14.9
50391108,8/1/2023,22.9
50391108,8/21/2023,69.9
50405737,3/14/2023,32.9
50405737,3/28/2023,7.38
50405737,3/7/2023,30.54
50405737,3/9/2023,48.9
50405737,4/17/2023,16.0
50405737,5/31/2023,21.9
50405737,5/8/2023,44.9
50405737,6/19/2023,13.3
50405737,7/6/2023,19.5
50409260,3/15/2023,37.52
50409260,4/7/2023,14.9
50409260,5/18/2023,49.9
50409260,5/8/2023,29.81
50409260,6/12/2023,27.48
50409260,6/30/2023,14.9
50432777,10/2/2023,34.9
50432777,10/23/2023,29.9
50432777,11/16/2023,39.9
50432777,12/11/2023,34.9
50432777,3/13/2023,54.9
50432777,4/4/2023,14.97
50432777,5/18/2023,48.9
50432777,5/3/2023,7.38
50432777,6/27/2023,7.38
50432777,6/9/2023,26.9
50432777,7/18/2023,10.0
50432777,9/13/2023,7.38
50432777,9/6/2023,26.63
50437760,3/21/2023,29.19
50437760,4/17/2023,11.9
50437760,5/25/2023,25.9
50437760,5/5/2023,16.9
50437760,6/15/2023,64.6
50437760,7/27/2023,39.9
50437760,7/7/2023,39.9
50438384,3/21/2023,34.9
50438384,4/11/2023,17.18
50438384,4/28/2023,14.5
50438384,5/25/2023,11.9
50438384,6/12/2023,99.9
50438384,7/11/2023,11.5
50438384,7/21/2023,12.9
50438384,7/4/2023,22.9
50438384,8/17/2023,39.9
50445577,3/27/2023,20.5
50445577,4/19/2023,2.0
50445577,4/20/2023,2.0
50445577,4/29/2023,26.9
50445577,4/4/2023,37.9
50445577,5/31/2023,78.9
50445577,6/20/2023,33.9
50445577,7/10/2023,24.9
50445577,8/23/2023,15.9
50462889,10/11/2023,37.9
50462889,11/24/2023,84.9
50462889,11/6/2023,21.9
50462889,12/18/2023,24.9
50462889,3/22/2023,7.38
50462889,4/8/2023,24.9
50462889,5/29/2023,14.9
50462889,5/3/2023,12.0
50462889,6/13/2023,1.0
50462889,7/25/2023,42.9
50462889,7/3/2023,19.9
50462889,8/15/2023,29.9
50462889,9/25/2023,16.9
50462889,9/8/2023,14.9
50476650,3/24/2023,54.9
50476650,4/14/2023,1.5
50476650,5/19/2023,39.89
50476650,5/5/2023,1.9
50476650,6/7/2023,11.17
50476650,7/4/2023,24.3
50491358,10/18/2023,14.9
50491358,11/7/2023,49.9
50491358,4/11/2023,19.9
50491358,5/26/2023,5.1
50491358,5/9/2023,54.9
50491358,6/15/2023,12.9
50491358,7/27/2023,19.9
50491358,7/7/2023,49.9
50491358,8/22/2023,29.9
50491358,9/13/2023,13.73
50496473,4/14/2023,16.9
50496473,5/18/2023,1.9
50496473,5/4/2023,35.9
50496473,6/13/2023,15.9
50496473,7/26/2023,19.78
50496473,7/7/2023,1.5
50507157,10/5/2023,14.9
50507157,4/26/2023,17.9
50507157,4/29/2023,16.9
50507157,4/8/2023,51.9
50507157,5/22/2023,38.9
50507157,6/8/2023,15.9
50507157,7/22/2023,14.9
50507157,7/3/2023,21.9
50507157,8/14/2023,21.9
50507157,9/18/2023,33.9
50507157,9/2/2023,14.9
50513580,4/17/2023,59.9
50513580,5/26/2023,12.9
50513580,5/8/2023,79.9
50513580,6/16/2023,35.2
50513580,7/13/2023,5.1
50513580,7/31/2023,5.1
50529959,4/12/2023,59.29
50529959,5/24/2023,32.9
50529959,5/4/2023,12.9
50529959,6/14/2023,21.9
50529959,7/26/2023,20.29
50529959,7/6/2023,116.0
50530272,4/10/2023,26.9
50530272,4/29/2023,32.9
50530272,5/19/2023,30.0
50530272,6/19/2023,9.9
50530272,6/30/2023,34.9
50530272,7/19/2023,2.98
50545385,4/13/2023,14.97
50545385,5/10/2023,45.26
50545385,5/30/2023,17.88
50545385,6/19/2023,26.49
50545385,7/10/2023,13.28
50545385,7/26/2023,10.5
50545385,8/17/2023,68.0
50545385,9/15/2023,86.9
50545385,9/8/2023,30.9
50574822,4/18/2023,59.9
50574822,5/29/2023,19.9
50574822,5/8/2023,27.59
50574822,6/10/2023,13.3
50574822,7/10/2023,89.4
50574822,8/1/2023,17.9
50639266,5/25/2023,18.95
50639266,5/5/2023,26.9
50639266,6/16/2023,19.9
50639266,7/11/2023,25.9
50639266,7/27/2023,20.0
50639266,7/6/2023,49.9
50639266,8/17/2023,17.9
50639266,9/11/2023,11.21
50639266,9/25/2023,34.9
50680312,5/17/2023,23.9
50680312,6/28/2023,7.38
50680312,6/9/2023,16.9
50680312,7/24/2023,12.47
50680312,8/16/2023,24.9
50680312,9/21/2023,28.9
50680312,9/6/2023,23.9
50692213,1/22/2024,38.3
50692213,10/11/2023,44.9
50692213,11/22/2023,13.3
50692213,11/3/2023,16.9
50692213,12/15/2023,16.9
50692213,12/27/2023,22.9
50692213,5/24/2023,39.9
50692213,6/10/2023,37.9
50692213,7/11/2023,18.9
50692213,7/26/2023,12.9
50692213,7/5/2023,22.9
50692213,8/16/2023,22.9
50692213,8/31/2023,24.95
50692213,9/20/2023,43.9
50697932,10/2/2023,79.9
50697932,5/23/2023,5.67
50697932,6/26/2023,14.9
50697932,6/5/2023,44.9
50697932,7/17/2023,12.9
50697932,8/29/2023,19.9
50697932,8/4/2023,23.0
50697932,8/7/2023,23.9
50697932,9/13/2023,34.9
50773094,6/26/2023,34.9
50773094,6/7/2023,6.0
50773094,7/18/2023,24.0
50773094,8/9/2023,7.9
50773094,9/1/2023,25.9
50773094,9/19/2023,9.9
50773493,6/21/2023,12.9
50773493,6/7/2023,59.9
50773493,7/12/2023,27.45
50773493,8/25/2023,19.9
50773493,8/4/2023,34.9
50773493,9/11/2023,29.9
50795365,6/12/2023,17.59
50795365,6/27/2023,98.0
50795365,7/14/2023,24.98
50795365,8/28/2023,39.9
50795365,8/4/2023,17.9
50795365,9/9/2023,23.9
50837122,10/17/2023,37.9
50837122,2/13/2024,17.59
50837122,7/11/2023,16.45
50837122,7/22/2023,39.9
50837122,7/4/2023,19.9
50837122,8/15/2023,20.88
50837122,8/31/2023,10.7
50837122,9/28/2023,16.9
50843157,10/17/2023,18.3
50843157,10/31/2023,30.9
50843157,7/24/2023,11.9
50843157,7/4/2023,14.41
50843157,8/29/2023,31.9
50843157,8/8/2023,16.9
50843157,9/25/2023,38.23
50852121,1/15/2024,21.9
50852121,10/26/2023,12.9
50852121,10/28/2024,22.0
50852121,10/4/2024,169.9
50852121,10/6/2023,29.9
50852121,11/21/2023,29.9
50852121,11/27/2023,39.97
50852121,12/15/2023,34.9
50852121,12/29/2023,39.9
50852121,2/26/2024,37.98
50852121,2/5/2024,7.38
50852121,3/20/2024,16.3
50852121,4/25/2024,16.5
50852121,4/5/2024,25.81
50852121,5/20/2024,4.98
50852121,6/10/2024,15.31
50852121,6/30/2023,11.5
50852121,7/1/2023,11.5
50852121,7/17/2023,52.9
50852121,7/19/2024,21.1
50852121,7/2/2024,37.9
50852121,7/22/2023,14.9
50852121,8/14/2023,20.7
50852121,8/2/2024,17.9
50852121,8/29/2024,30.0
50852121,8/30/2023,13.73
50852121,9/15/2023,22.9
50852121,9/19/2024,59.9
50852121,9/4/2023,20.0
50860264,10/5/2023,38.74
50860264,6/30/2023,14.9
50860264,7/20/2023,62.9
50860264,8/11/2023,42.9
50860264,8/30/2023,17.44
50860264,9/15/2023,34.9
50935558,10/25/2023,18.53
50935558,10/27/2023,23.9
50935558,10/3/2023,20.9
50935558,11/15/2023,17.71
50935558,12/6/2023,19.9
50935558,8/28/2023,14.9
50935558,8/31/2023,62.9
50935558,8/8/2023,37.9
50935558,9/13/2023,7.38
50941108,10/30/2023,41.98
50941108,10/6/2023,33.03
50941108,11/21/2023,24.21
50941108,11/8/2023,41.98
50941108,7/21/2023,5.1
50941108,8/15/2023,5.1
50941108,9/26/2023,4.99
50941108,9/5/2023,10.0
50955184,10/12/2023,1.37
50955184,11/24/2023,29.9
50955184,11/3/2023,29.9
50955184,7/22/2023,17.9
50955184,8/16/2023,12.45
50955184,9/22/2023,17.45
50955184,9/6/2023,39.9
50967689,10/26/2023,19.9
50967689,10/5/2023,54.9
50967689,11/17/2023,64.9
50967689,7/25/2023,11.9
50967689,8/14/2023,44.9
50967689,8/30/2023,13.17
50967689,9/15/2023,20.9
50973573,1/18/2024,6.81
50973573,10/17/2023,52.15
50973573,11/23/2023,10.58
50973573,11/3/2023,34.95
50973573,12/26/2023,29.9
50973573,12/6/2023,15.8
50973573,2/12/2024,18.0
50973573,2/29/2024,49.0
50973573,2/8/2024,50.0
50973573,3/21/2024,29.9
50973573,7/31/2023,19.9
50973573,8/21/2023,22.9
50973573,8/22/2023,5.1
50973573,9/1/2023,55.9
50973573,9/14/2023,65.0
50973573,9/26/2023,27.14
50974227,10/18/2023,29.9
50974227,10/31/2023,31.94
50974227,11/21/2023,27.46
50974227,8/18/2023,34.95
50974227,8/31/2023,22.9
50974227,9/11/2023,41.9
50974227,9/25/2023,14.2
51056906,1/11/2024,16.98
51056906,10/15/2024,30.9
51056906,10/23/2023,10.41
51056906,10/23/2024,39.9
51056906,10/3/2023,17.9
51056906,10/7/2024,13.62
51056906,11/15/2023,18.9
51056906,12/26/2023,26.5
51056906,12/7/2023,32.9
51056906,2/27/2024,24.9
51056906,2/5/2024,10.9
51056906,4/2/2024,16.63
51056906,4/26/2024,8.5
51056906,4/4/2024,35.3
51056906,5/7/2024,27.85
51056906,6/28/2024,32.75
51056906,6/4/2024,34.9
51056906,7/19/2024,18.9
51056906,7/30/2024,18.9
51056906,7/9/2024,8.91
51056906,8/12/2024,32.9
51056906,8/29/2024,44.9
51056906,8/30/2023,22.9
51056906,9/10/2024,39.9
51056906,9/18/2023,14.9
51056906,9/30/2024,39.9
51096878,10/27/2023,24.9
51096878,10/5/2023,13.9
51096878,11/17/2023,17.9
51096878,12/8/2023,29.9
51096878,8/31/2023,67.57
51096878,9/18/2023,13.9
51129296,1/22/2024,29.9
51129296,10/16/2023,24.9
51129296,10/7/2024,34.9
51129296,11/4/2024,32.9
51129296,11/6/2023,25.9
51129296,12/18/2023,24.9
51129296,4/26/2024,15.68
51129296,5/20/2024,39.9
51129296,6/10/2024,25.9
51129296,7/1/2024,20.9
51129296,7/19/2024,69.9
51129296,8/12/2024,24.9
51129296,9/19/2024,29.9
51129296,9/2/2024,39.21
51129296,9/22/2023,24.9
51129296,9/7/2023,5.62
51181794,1/18/2024,15.9
51181794,1/2/2024,11.9
51181794,10/16/2023,18.9
51181794,11/2/2023,38.9
51181794,11/24/2023,83.0
51181794,12/14/2023,22.9
51181794,2/7/2024,10.9
51181794,9/21/2023,22.9
51241487,1/29/2024,26.9
51241487,1/8/2024,44.96
51241487,10/2/2023,26.9
51241487,10/20/2023,15.9
51241487,11/13/2023,24.95
51241487,12/26/2023,56.9
51241487,12/6/2023,139.9
51254023,1/19/2024,3.5
51254023,10/27/2023,19.9
51254023,10/6/2023,9.95
51254023,11/17/2023,14.9
51254023,12/27/2023,12.9
51254023,12/7/2023,34.9
51254023,2/2/2024,33.9
51254023,3/1/2024,20.9
51254023,3/15/2024,22.9
51254023,4/26/2024,24.5
51254023,4/5/2024,13.9
51254023,5/17/2024,7.7
51254023,6/28/2024,24.9
51254023,6/6/2024,46.9
51254023,7/19/2024,12.9
51254023,8/29/2024,11.9
51254023,8/9/2024,24.9
51254023,9/23/2024,59.9
51347056,1/17/2024,21.9
51347056,1/2/2024,23.9
51347056,10/31/2024,99.9
51347056,10/8/2024,12.45
51347056,11/2/2023,15.9
51347056,11/22/2023,44.9
51347056,12/15/2023,21.9
51347056,12/18/2023,16.9
51347056,2/28/2024,16.9
51347056,2/8/2024,49.9
51347056,3/19/2024,20.9
51347056,4/11/2024,12.9
51347056,5/2/2024,39.9
51347056,5/22/2024,66.9
51347056,6/13/2024,12.9
51347056,7/24/2024,31.9
51347056,7/3/2024,23.9
51347056,8/14/2024,44.9
51347056,8/19/2024,44.9
51347056,9/23/2024,13.3
51347056,9/4/2024,24.95
51356535,1/15/2024,79.0
51356535,1/2/2024,12.9
51356535,10/7/2024,30.0
51356535,11/2/2023,82.9
51356535,11/20/2023,16.0
51356535,12/12/2023,1.0
51356535,2/13/2024,19.9
51356535,3/21/2024,24.9
51356535,3/4/2024,16.51
51356535,4/22/2024,1.5
51356535,4/8/2024,12.5
51356535,5/13/2024,14.9
51356535,5/20/2024,89.1
51356535,6/10/2024,50.0
51356535,7/19/2024,8.9
51356535,7/2/2024,24.3
51356535,8/13/2024,0.9
51356535,8/27/2024,39.31
51356535,8/29/2024,9.0
51356535,9/18/2024,13.84
51448413,1/17/2024,30.45
51448413,1/3/2024,39.9
51448413,11/21/2023,5.1
51448413,12/8/2023,12.6
51448413,2/27/2024,24.95
51448413,2/6/2024,24.9
51477898,1/2/2024,47.9
51477898,1/23/2024,7.6
51477898,11/27/2023,1.12
51477898,12/19/2023,32.9
51477898,2/14/2024,49.9
51477898,3/8/2024,42.9
51520653,1/11/2024,30.9
51520653,12/21/2023,15.0
51520653,12/5/2023,22.95
51520653,2/26/2024,5.1
51520653,2/5/2024,17.9
51520653,3/19/2024,15.9
51520653,4/11/2024,39.21
51520653,4/26/2024,7.38
51614402,1/22/2024,1.9
51614402,12/29/2023,45.9
51614402,2/10/2024,37.9
51614402,2/27/2024,24.9
51614402,2/7/2024,33.3
51614402,3/20/2024,24.9
51614402,4/12/2024,24.5
51614402,5/8/2024,64.9
51766490,2/27/2024,19.9
51766490,2/6/2024,59.9
51766490,3/19/2024,22.9
51766490,4/30/2024,54.9
51766490,4/9/2024,28.0
51766490,5/22/2024,17.9
51766490,6/11/2024,18.9
51766490,7/19/2024,18.9
51766490,7/2/2024,13.9
51766490,8/13/2024,22.9
51843126,2/27/2024,59.9
51843126,3/19/2024,29.9
51843126,4/5/2024,19.9
51843126,5/2/2024,32.9
51843126,5/24/2024,9.9
51843126,6/11/2024,16.9
51844726,10/3/2024,10.9
51844726,2/29/2024,59.9
51844726,3/20/2024,29.9
51844726,4/11/2024,59.0
51844726,4/25/2024,15.63
51844726,5/24/2024,49.9
51844726,6/13/2024,59.9
51844726,7/26/2024,29.9
51844726,7/5/2024,27.9
51844726,8/16/2024,54.9
51844726,9/19/2024,23.9
51844726,9/5/2024,7.38
51890019,10/28/2024,54.9
51890019,10/9/2024,19.9
51890019,11/15/2024,69.9
51890019,11/25/2024,44.7
51890019,3/21/2024,29.9
51890019,3/4/2024,17.5
51890019,4/9/2024,44.9
51890019,5/23/2024,49.9
51890019,5/3/2024,5.4
51890019,6/12/2024,49.9
51890019,7/23/2024,14.9
51890019,7/3/2024,4.98
51890019,8/14/2024,52.9
51890019,9/20/2024,22.9
51890019,9/3/2024,19.52
51893042,3/20/2024,16.9
51893042,3/4/2024,29.0
51893042,4/4/2024,13.98
51893042,5/16/2024,29.9
51893042,5/3/2024,21.9
51893042,5/6/2024,25.38
51893042,6/13/2024,11.98
51893042,7/18/2024,72.0
51893042,7/4/2024,30.9
51893042,8/15/2024,32.9
51893042,8/29/2024,15.98
51917480,10/23/2024,25.63
51917480,11/18/2024,13.18
51917480,3/12/2024,39.9
51917480,4/25/2024,54.9
51917480,6/26/2024,25.9
51917480,7/16/2024,65.9
51917480,8/19/2024,69.9
51917480,8/9/2024,18.3
51917480,9/10/2024,19.9
51917480,9/30/2024,14.45
51940229,10/28/2024,19.45
51940229,10/9/2024,54.9
51940229,3/19/2024,8.79
51940229,4/10/2024,17.5
51940229,4/29/2024,11.98
51940229,5/13/2024,99.0
51940229,6/10/2024,29.96
51940229,7/24/2024,26.0
51940229,7/5/2024,29.95
51940229,8/19/2024,46.9
51940229,9/18/2024,50.0
51940229,9/5/2024,69.9
51973836,10/11/2024,19.9
51973836,10/31/2024,19.9
51973836,3/21/2024,38.9
51973836,3/25/2024,16.9
51973836,4/12/2024,15.76
51973836,4/26/2024,15.9
51973836,5/24/2024,30.9
51973836,6/13/2024,29.0
51973836,7/24/2024,19.9
51973836,7/5/2024,26.45
51973836,8/16/2024,24.9
51973836,9/20/2024,23.9
51973836,9/4/2024,24.9
52027209,4/26/2024,19.9
52027209,4/9/2024,24.0
52027209,5/10/2024,29.9
52027209,6/6/2024,44.9
52027209,7/1/2024,56.9
52027209,7/22/2024,29.9
52046947,10/14/2024,79.9
52046947,4/10/2024,59.9
52046947,4/29/2024,15.4
52046947,5/15/2024,15.31
52046947,6/11/2024,13.3
52046947,6/5/2024,32.9
52046947,7/26/2024,14.9
52046947,7/3/2024,25.9
52046947,8/20/2024,24.9
52046947,9/20/2024,79.5
52046947,9/5/2024,24.9
52047269,4/25/2024,8.5
52047269,5/22/2024,32.9
52047269,6/26/2024,74.9
52047269,6/7/2024,52.9
52047269,7/16/2024,17.9
52047269,8/7/2024,49.9
52063728,10/11/2024,41.2
52063728,11/5/2024,0.85
52063728,5/2/2024,34.9
52063728,5/23/2024,22.9
52063728,6/12/2024,16.14
52063728,7/23/2024,27.9
52063728,7/4/2024,29.9
52063728,8/15/2024,14.9
52063728,8/28/2024,22.9
52063728,9/19/2024,14.97
52071712,4/16/2024,30.9
52071712,5/13/2024,15.9
52071712,6/24/2024,7.38
52071712,6/3/2024,69.5
52071712,7/15/2024,10.9
52071712,7/31/2024,10.0
52073731,4/26/2024,15.9
52073731,5/20/2024,25.89
52073731,6/10/2024,64.9
52073731,7/2/2024,49.9
52073731,7/26/2024,43.3
52073731,8/19/2024,27.0
52073731,9/3/2024,36.9
52082706,11/6/2024,49.0
52082706,4/16/2024,22.97
52082706,4/25/2024,29.9
52082706,5/16/2024,18.57
52082706,6/6/2024,27.24
52082706,7/30/2024,6.95
52082706,7/4/2024,34.9
52082706,8/19/2024,37.41
52082706,9/11/2024,29.9
52082706,9/4/2024,30.0
52093236,10/25/2024,27.95
52093236,4/24/2024,16.9
52093236,5/30/2024,19.06
52093236,5/7/2024,0.9
52093236,6/27/2024,32.9
52093236,7/17/2024,7.63
52093236,8/28/2024,32.9
52093236,8/9/2024,27.41
52093236,9/12/2024,50.84
52093236,9/26/2024,49.9
52105560,10/11/2024,43.9
52105560,11/27/2024,58.9
52105560,11/6/2024,29.33
52105560,4/20/2024,91.31
52105560,5/27/2024,39.9
52105560,5/3/2024,43.3
52105560,6/13/2024,17.9
52105560,7/19/2024,39.9
52105560,7/9/2024,44.9
52105560,8/16/2024,9.9
52105560,9/24/2024,32.25
52105560,9/5/2024,17.9
52105560,9/6/2024,18.17
52108101,4/24/2024,33.5
52108101,5/15/2024,17.45
52108101,6/11/2024,41.9
52108101,7/24/2024,17.9
52108101,7/3/2024,45.9
52108101,8/16/2024,17.9
52121175,4/23/2024,50.0
52121175,5/15/2024,15.9
52121175,6/26/2024,12.95
52121175,6/4/2024,100.0
52121175,7/18/2024,75.0
52121175,8/27/2024,22.98
52121175,8/9/2024,13.9
52121175,9/11/2024,21.98
52128625,5/16/2024,15.9
52128625,5/2/2024,10.52
52128625,6/12/2024,31.9
52128625,6/6/2024,10.9
52128625,7/23/2024,8.9
52128625,7/4/2024,32.9
52128625,8/16/2024,34.95
52128625,8/20/2024,1.25
52135567,5/2/2024,12.45
52135567,5/21/2024,43.9
52135567,6/11/2024,26.9
52135567,7/16/2024,7.38
52135567,7/3/2024,26.67
52135567,8/13/2024,14.9
52142881,10/4/2024,43.9
52142881,5/17/2024,39.9
52142881,6/28/2024,17.9
52142881,6/6/2024,35.9
52142881,7/18/2024,32.9
52142881,8/29/2024,66.9
52142881,8/9/2024,13.56
52142881,9/13/2024,34.9
52178282,10/2/2024,24.9
52178282,10/30/2024,21.9
52178282,5/15/2024,46.9
52178282,6/12/2024,22.9
52178282,7/24/2024,19.9
52178282,7/3/2024,21.9
52178282,8/14/2024,49.9
52178282,9/25/2024,64.9
52178282,9/4/2024,49.9
52181135,10/22/2024,63.95
52181135,10/3/2024,49.9
52181135,5/16/2024,34.9
52181135,6/28/2024,12.98
52181135,6/5/2024,11.9
52181135,7/19/2024,16.9
52181135,8/28/2024,17.9
52181135,8/8/2024,39.9
52181135,9/16/2024,21.9
52208297,10/14/2024,49.9
52208297,11/4/2024,24.6
52208297,5/21/2024,20.9
52208297,6/13/2024,49.95
52208297,7/2/2024,7.63
52208297,7/22/2024,19.95
52208297,8/16/2024,17.9
52208297,9/19/2024,23.9
52208297,9/2/2024,49.9
52208777,5/21/2024,59.9
52208777,6/10/2024,27.9
52208777,6/28/2024,12.21
52208777,7/18/2024,41.9
52208777,8/9/2024,11.3
52208777,9/6/2024,42.9
52216281,10/28/2024,0.72
52216281,10/9/2024,29.97
52216281,5/15/2024,42.47
52216281,6/24/2024,13.9
52216281,6/5/2024,5.4
52216281,7/18/2024,39.9
52216281,8/30/2024,14.9
52216281,8/9/2024,4.98
52216281,9/17/2024,14.75
52218209,5/15/2024,59.9
52218209,6/24/2024,7.38
52218209,6/3/2024,24.9
52218209,7/9/2024,25.96
52218209,8/23/2024,13.3
52218209,8/5/2024,49.9
52222087,10/29/2024,12.9
52222087,10/9/2024,19.9
52222087,12/16/2024,45.0
52222087,5/20/2024,16.9
52222087,5/29/2024,22.9
52222087,7/1/2024,23.9
52222087,7/23/2024,44.9
52222087,8/12/2024,13.9
52222087,9/18/2024,55.75
52222087,9/2/2024,13.9
52235367,10/9/2024,59.9
52235367,5/24/2024,59.9
52235367,6/11/2024,34.9
52235367,7/2/2024,30.9
52235367,7/23/2024,9.23
52235367,8/13/2024,35.9
52235367,9/17/2024,34.94
52235367,9/2/2024,54.9
52235367,9/4/2024,79.9
52249244,10/14/2024,12.9
52249244,6/5/2024,69.5
52249244,7/30/2024,15.9
52249244,7/5/2024,23.6
52249244,8/15/2024,59.9
52249244,9/23/2024,27.9
52249244,9/4/2024,33.3
52252415,10/11/2024,35.9
52252415,10/31/2024,43.99
52252415,11/26/2024,45.57
52252415,5/24/2024,69.9
52252415,6/13/2024,29.73
52252415,7/25/2024,21.9
52252415,7/5/2024,28.9
52252415,8/16/2024,13.56
52252415,9/20/2024,35.9
52252415,9/4/2024,24.9
52263344,10/16/2024,6.45
52263344,11/5/2024,20.9
52263344,5/30/2024,15.9
52263344,6/17/2024,59.9
52263344,7/26/2024,16.9
52263344,7/5/2024,18.9
52263344,8/16/2024,24.9
52263344,9/19/2024,89.9
52263344,9/4/2024,16.9
52280400,10/22/2024,14.9
52280400,10/7/2024,12.45
52280400,6/25/2024,49.9
52280400,6/4/2024,30.0
52280400,7/1/2024,40.58
52280400,7/15/2024,13.9
52280400,8/12/2024,32.9
52280400,9/18/2024,27.9
52280400,9/3/2024,14.95
52282004,10/4/2024,37.9
52282004,6/25/2024,7.38
52282004,6/4/2024,19.95
52282004,7/24/2024,11.2
52282004,8/12/2024,44.9
52282004,8/27/2024,23.9
52282004,9/23/2024,13.9
52307686,10/9/2024,83.1
52307686,6/10/2024,7.38
52307686,6/27/2024,30.9
52307686,7/23/2024,30.14
52307686,8/1/2024,21.9
52307686,9/18/2024,19.5
52307686,9/3/2024,59.9
52317975,10/14/2024,14.9
52317975,10/16/2024,47.9
52317975,11/4/2024,23.39
52317975,11/6/2024,18.9
52317975,6/12/2024,57.9
52317975,7/18/2024,12.45
52317975,7/4/2024,7.9
52317975,8/8/2024,23.34
52317975,9/23/2024,25.9
52317975,9/6/2024,31.0
52321174,12/13/2024,10.8
52321174,6/10/2024,17.5
52321174,6/28/2024,35.9
52321174,7/19/2024,9.9
52321174,8/9/2024,1.9
52321174,9/20/2024,15.9
52321174,9/6/2024,22.9
52324548,6/10/2024,13.3
52324548,6/28/2024,44.95
52324548,7/22/2024,9.9
52324548,8/12/2024,29.9
52324548,8/30/2024,17.9
52324548,9/17/2024,12.45
52324610,6/12/2024,79.9
52324610,7/24/2024,19.57
52324610,7/4/2024,19.9
52324610,8/15/2024,26.9
52324610,9/10/2024,13.3
52324610,9/19/2024,9.9
52328195,6/10/2024,19.9
52328195,7/2/2024,24.9
52328195,7/23/2024,16.9
52328195,8/12/2024,43.65
52328195,8/6/2024,24.9
52328195,9/23/2024,9.38
52328195,9/3/2024,44.9
52332435,10/30/2024,14.9
52332435,10/7/2024,21.9
52332435,6/11/2024,32.9
52332435,6/25/2024,34.9
52332435,7/19/2024,26.05
52332435,8/6/2024,39.9
52332435,9/17/2024,49.3
52332435,9/2/2024,22.46
52335949,6/11/2024,18.0
52335949,6/28/2024,24.5
52335949,7/22/2024,21.9
52335949,8/12/2024,14.9
52335949,8/30/2024,14.95
52335949,9/16/2024,34.9
52341973,6/17/2024,6.58
52341973,7/9/2024,8.5
52341973,8/19/2024,7.6
52341973,8/5/2024,44.9
52341973,9/26/2024,14.95
52341973,9/9/2024,21.9
52360757,6/18/2024,18.9
52360757,7/31/2024,25.0
52360757,7/5/2024,23.9
52360757,8/15/2024,79.9
52360757,9/24/2024,25.9
52360757,9/25/2024,41.9
52360757,9/4/2024,49.9
52364329,10/28/2024,14.9
52364329,10/3/2024,16.9
52364329,6/25/2024,25.0
52364329,7/19/2024,27.47
52364329,8/27/2024,17.81
52364329,8/6/2024,29.9
52364329,9/10/2024,30.0
52373875,10/11/2024,29.9
52373875,11/5/2024,29.33
52373875,7/11/2024,21.9
52373875,7/31/2024,34.9
52373875,8/16/2024,26.9
52373875,9/25/2024,14.9
52373875,9/5/2024,40.55
52380553,10/31/2024,39.9
52380553,10/7/2024,40.9
52380553,11/21/2024,21.9
52380553,7/1/2024,31.9
52380553,7/18/2024,29.9
52380553,8/30/2024,44.9
52380553,8/9/2024,47.9
52380553,9/16/2024,54.9
52384451,10/15/2024,23.32
52384451,10/2/2024,7.38
52384451,11/15/2024,19.9
52384451,8/26/2024,21.9
52384451,8/6/2024,7.38
52384451,9/13/2024,25.9
52385458,10/15/2024,15.98
52385458,7/18/2024,17.9
52385458,7/4/2024,41.9
52385458,8/19/2024,27.9
52385458,9/19/2024,30.9
52385458,9/6/2024,20.9
52404940,10/3/2024,1.3
52404940,7/30/2024,52.9
52404940,7/4/2024,21.9
52404940,8/28/2024,23.9
52404940,8/8/2024,29.9
52404940,9/19/2024,26.0
52415934,10/11/2024,17.9
52415934,7/1/2024,26.9
52415934,7/18/2024,15.9
52415934,8/9/2024,16.9
52415934,9/18/2024,34.4
52415934,9/2/2024,29.9
52474183,10/1/2024,14.95
52474183,10/15/2024,19.9
52474183,11/5/2024,20.9
52474183,7/17/2024,7.38
52474183,8/14/2024,14.95
52474183,9/20/2024,79.9
52474183,9/3/2024,13.3
52474191,10/10/2024,49.9
52474191,11/6/2024,34.9
52474191,7/18/2024,23.9
52474191,8/8/2024,50.0
52474191,9/20/2024,32.9
52474191,9/4/2024,26.0
52478715,10/24/2024,14.9
52478715,10/3/2024,30.9
52478715,11/14/2024,23.9
52478715,7/17/2024,49.9
52478715,8/28/2024,9.02
52478715,8/8/2024,19.9
52478715,9/12/2024,18.9
52484251,10/28/2024,14.95
52484251,10/7/2024,54.9
52484251,11/19/2024,24.9
52484251,7/18/2024,19.9
52484251,8/23/2024,13.38
52484251,8/9/2024,32.9
52484251,9/16/2024,29.0
52485088,10/28/2024,33.3
52485088,10/3/2024,14.95
52485088,7/17/2024,19.95
52485088,8/27/2024,16.9
52485088,8/8/2024,7.38
52485088,9/11/2024,12.45
52486300,10/2/2024,12.9
52486300,10/25/2024,39.9
52486300,11/13/2024,49.9
52486300,7/16/2024,6.1
52486300,8/27/2024,24.9
52486300,8/6/2024,9.9
52486300,9/16/2024,16.47
52502403,10/28/2024,59.9
52502403,10/4/2024,7.38
52502403,7/22/2024,7.38
52502403,8/13/2024,24.9
52502403,9/16/2024,29.9
52502403,9/2/2024,7.38
52504589,10/14/2024,34.95
52504589,10/28/2024,8.12
52504589,11/22/2024,0.46
52504589,8/12/2024,26.9
52504589,9/23/2024,29.9
52504589,9/3/2024,16.9
52508800,10/25/2024,5.49
52508800,10/4/2024,15.3
52508800,7/22/2024,18.9
52508800,8/29/2024,52.9
52508800,8/8/2024,29.9
52508800,9/13/2024,39.9
52508843,10/25/2024,17.9
52508843,10/3/2024,20.9
52508843,11/20/2024,64.9
52508843,7/22/2024,35.0
52508843,8/12/2024,14.9
52508843,8/30/2024,87.9
52508843,9/17/2024,44.9
52559936,10/1/2024,10.0
52559936,10/21/2024,39.9
52559936,11/5/2024,12.45
52559936,8/20/2024,34.9
52559936,8/6/2024,29.9
52559936,9/10/2024,19.92
52567297,10/14/2024,39.9
52567297,11/4/2024,11.45
52567297,8/19/2024,44.9
52567297,8/7/2024,14.49
52567297,9/12/2024,8.3
52567297,9/23/2024,19.32
